number,code,date,value
1,1,25/09/2017,1
1,2,25/09/2017,66
1,3,25/09/2017,51
1,4,25/09/2017,3
1,5,25/09/2017,4
1,6,25/09/2017,46
1,7,25/09/2017,2
1,8,25/09/2017,SI
1,9,25/09/2017,4
2,1,22/09/2017,2
2,2,22/09/2017,9
2,3,22/09/2017,3
2,4,22/09/2017,5
2,5,22/09/2017,3
2,6,22/09/2017,12
2,7,22/09/2017,4
2,8,22/09/2017,NO
2,9,22/09/2017,
3,1,31/07/2017,2
3,2,31/07/2017,23
3,3,31/07/2017,2
3,4,31/07/2017,16
3,5,31/07/2017,4
3,6,31/07/2017,29
3,7,31/07/2017,21
3,8,31/07/2017,SI
3,9,31/07/2017,5
4,1,03/09/2017,3
4,2,03/09/2017,85
4,3,03/09/2017,10
4,4,03/09/2017,12
4,5,03/09/2017,4
4,6,03/09/2017,21
4,7,03/09/2017,6
4,8,03/09/2017,SI
4,9,03/09/2017,1
5,1,16/07/2017,3
5,2,16/07/2017,28
5,3,16/07/2017,6
5,4,16/07/2017,13
5,5,16/07/2017,3
5,6,16/07/2017,76
5,7,16/07/2017,60
5,8,16/07/2017,SI
5,9,16/07/2017,3
6,1,03/09/2017,4
6,2,03/09/2017,1
6,3,03/09/2017,1
6,4,03/09/2017,0
6,5,03/09/2017,5
6,6,03/09/2017,62
6,7,03/09/2017,15
6,8,03/09/2017,NO
6,9,03/09/2017,
7,1,03/07/2017,4
7,2,03/07/2017,13
7,3,03/07/2017,4
7,4,03/07/2017,0
7,5,03/07/2017,1
7,6,03/07/2017,89
7,7,03/07/2017,73
7,8,03/07/2017,SI
7,9,03/07/2017,3
8,1,23/09/2017,2
8,2,23/09/2017,13
8,3,23/09/2017,6
8,4,23/09/2017,0
8,5,23/09/2017,2
8,6,23/09/2017,48
8,7,23/09/2017,12
8,8,23/09/2017,NO
8,9,23/09/2017,
9,1,30/06/2017,1
9,2,30/06/2017,99
9,3,30/06/2017,82
9,4,30/06/2017,4
9,5,30/06/2017,3
9,6,30/06/2017,47
9,7,30/06/2017,4
9,8,30/06/2017,NO
9,9,30/06/2017,
10,1,30/07/2017,4
10,2,30/07/2017,6
10,3,30/07/2017,6
10,4,30/07/2017,0
10,5,30/07/2017,4
10,6,30/07/2017,89
10,7,30/07/2017,1
10,8,30/07/2017,NO
10,9,30/07/2017,
11,1,01/08/2017,3
11,2,01/08/2017,10
11,3,01/08/2017,4
11,4,01/08/2017,4
11,5,01/08/2017,2
11,6,01/08/2017,24
11,7,01/08/2017,3
11,8,01/08/2017,SI
11,9,01/08/2017,3
12,1,06/09/2017,3
12,2,06/09/2017,100
12,3,06/09/2017,61
12,4,06/09/2017,14
12,5,06/09/2017,3
12,6,06/09/2017,84
12,7,06/09/2017,15
12,8,06/09/2017,NO
12,9,06/09/2017,
13,1,08/09/2017,1
13,2,08/09/2017,17
13,3,08/09/2017,2
13,4,08/09/2017,1
13,5,08/09/2017,2
13,6,08/09/2017,4
13,7,08/09/2017,2
13,8,08/09/2017,SI
13,9,08/09/2017,4
14,1,24/08/2017,2
14,2,24/08/2017,99
14,3,24/08/2017,25
14,4,24/08/2017,64
14,5,24/08/2017,1
14,6,24/08/2017,80
14,7,24/08/2017,42
14,8,24/08/2017,NO
14,9,24/08/2017,
15,1,22/07/2017,1
15,2,22/07/2017,18
15,3,22/07/2017,10
15,4,22/07/2017,8
15,5,22/07/2017,4
15,6,22/07/2017,44
15,7,22/07/2017,32
15,8,22/07/2017,NO
15,9,22/07/2017,
16,1,03/09/2017,3
16,2,03/09/2017,65
16,3,03/09/2017,1
16,4,03/09/2017,3
16,5,03/09/2017,5
16,6,03/09/2017,1
16,7,03/09/2017,0
16,8,03/09/2017,NO
16,9,03/09/2017,
17,1,14/09/2017,1
17,2,14/09/2017,90
17,3,14/09/2017,68
17,4,14/09/2017,10
17,5,14/09/2017,3
17,6,14/09/2017,77
17,7,14/09/2017,40
17,8,14/09/2017,NO
17,9,14/09/2017,
18,1,23/09/2017,2
18,2,23/09/2017,17
18,3,23/09/2017,14
18,4,23/09/2017,0
18,5,23/09/2017,4
18,6,23/09/2017,51
18,7,23/09/2017,21
18,8,23/09/2017,SI
18,9,23/09/2017,2
19,1,29/07/2017,2
19,2,29/07/2017,73
19,3,29/07/2017,27
19,4,29/07/2017,40
19,5,29/07/2017,4
19,6,29/07/2017,9
19,7,29/07/2017,9
19,8,29/07/2017,NO
19,9,29/07/2017,
20,1,07/07/2017,4
20,2,07/07/2017,55
20,3,07/07/2017,20
20,4,07/07/2017,19
20,5,07/07/2017,1
20,6,07/07/2017,89
20,7,07/07/2017,51
20,8,07/07/2017,SI
20,9,07/07/2017,1
21,1,28/07/2017,3
21,2,28/07/2017,22
21,3,28/07/2017,13
21,4,28/07/2017,7
21,5,28/07/2017,3
21,6,28/07/2017,17
21,7,28/07/2017,4
21,8,28/07/2017,NO
21,9,28/07/2017,
22,1,21/09/2017,2
22,2,21/09/2017,45
22,3,21/09/2017,9
22,4,21/09/2017,27
22,5,21/09/2017,5
22,6,21/09/2017,60
22,7,21/09/2017,28
22,8,21/09/2017,SI
22,9,21/09/2017,4
23,1,12/09/2017,3
23,2,12/09/2017,5
23,3,12/09/2017,0
23,4,12/09/2017,4
23,5,12/09/2017,1
23,6,12/09/2017,78
23,7,12/09/2017,72
23,8,12/09/2017,NO
23,9,12/09/2017,
24,1,24/07/2017,3
24,2,24/07/2017,91
24,3,24/07/2017,72
24,4,24/07/2017,9
24,5,24/07/2017,4
24,6,24/07/2017,83
24,7,24/07/2017,74
24,8,24/07/2017,SI
24,9,24/07/2017,1
25,1,14/09/2017,5
25,2,14/09/2017,16
25,3,14/09/2017,15
25,4,14/09/2017,0
25,5,14/09/2017,5
25,6,14/09/2017,74
25,7,14/09/2017,3
25,8,14/09/2017,SI
25,9,14/09/2017,3
26,1,28/06/2017,3
26,2,28/06/2017,86
26,3,28/06/2017,65
26,4,28/06/2017,20
26,5,28/06/2017,1
26,6,28/06/2017,14
26,7,28/06/2017,6
26,8,28/06/2017,SI
26,9,28/06/2017,5
27,1,15/09/2017,2
27,2,15/09/2017,53
27,3,15/09/2017,31
27,4,15/09/2017,19
27,5,15/09/2017,1
27,6,15/09/2017,23
27,7,15/09/2017,23
27,8,15/09/2017,SI
27,9,15/09/2017,1
28,1,09/09/2017,1
28,2,09/09/2017,69
28,3,09/09/2017,6
28,4,09/09/2017,10
28,5,09/09/2017,2
28,6,09/09/2017,92
28,7,09/09/2017,24
28,8,09/09/2017,NO
28,9,09/09/2017,
29,1,29/06/2017,2
29,2,29/06/2017,57
29,3,29/06/2017,51
29,4,29/06/2017,6
29,5,29/06/2017,4
29,6,29/06/2017,93
29,7,29/06/2017,17
29,8,29/06/2017,SI
29,9,29/06/2017,1
30,1,05/07/2017,1
30,2,05/07/2017,68
30,3,05/07/2017,46
30,4,05/07/2017,4
30,5,05/07/2017,5
30,6,05/07/2017,25
30,7,05/07/2017,25
30,8,05/07/2017,SI
30,9,05/07/2017,5
31,1,19/08/2017,1
31,2,19/08/2017,0
31,3,19/08/2017,0
31,4,19/08/2017,0
31,5,19/08/2017,4
31,6,19/08/2017,77
31,7,19/08/2017,22
31,8,19/08/2017,SI
31,9,19/08/2017,4
32,1,02/09/2017,5
32,2,02/09/2017,59
32,3,02/09/2017,38
32,4,02/09/2017,0
32,5,02/09/2017,5
32,6,02/09/2017,24
32,7,02/09/2017,4
32,8,02/09/2017,NO
32,9,02/09/2017,
33,1,24/09/2017,1
33,2,24/09/2017,31
33,3,24/09/2017,5
33,4,24/09/2017,18
33,5,24/09/2017,1
33,6,24/09/2017,15
33,7,24/09/2017,12
33,8,24/09/2017,SI
33,9,24/09/2017,1
34,1,02/07/2017,4
34,2,02/07/2017,75
34,3,02/07/2017,27
34,4,02/07/2017,37
34,5,02/07/2017,3
34,6,02/07/2017,32
34,7,02/07/2017,32
34,8,02/07/2017,NO
34,9,02/07/2017,
35,1,19/08/2017,1
35,2,19/08/2017,30
35,3,19/08/2017,29
35,4,19/08/2017,1
35,5,19/08/2017,3
35,6,19/08/2017,66
35,7,19/08/2017,34
35,8,19/08/2017,NO
35,9,19/08/2017,
36,1,22/08/2017,4
36,2,22/08/2017,6
36,3,22/08/2017,1
36,4,22/08/2017,2
36,5,22/08/2017,4
36,6,22/08/2017,84
36,7,22/08/2017,49
36,8,22/08/2017,SI
36,9,22/08/2017,2
37,1,13/09/2017,4
37,2,13/09/2017,81
37,3,13/09/2017,57
37,4,13/09/2017,4
37,5,13/09/2017,1
37,6,13/09/2017,26
37,7,13/09/2017,16
37,8,13/09/2017,SI
37,9,13/09/2017,1
38,1,04/08/2017,5
38,2,04/08/2017,76
38,3,04/08/2017,3
38,4,04/08/2017,65
38,5,04/08/2017,5
38,6,04/08/2017,38
38,7,04/08/2017,35
38,8,04/08/2017,NO
38,9,04/08/2017,
39,1,18/07/2017,2
39,2,18/07/2017,15
39,3,18/07/2017,15
39,4,18/07/2017,0
39,5,18/07/2017,2
39,6,18/07/2017,12
39,7,18/07/2017,11
39,8,18/07/2017,NO
39,9,18/07/2017,
40,1,23/09/2017,1
40,2,23/09/2017,74
40,3,23/09/2017,14
40,4,23/09/2017,3
40,5,23/09/2017,2
40,6,23/09/2017,31
40,7,23/09/2017,0
40,8,23/09/2017,SI
40,9,23/09/2017,4
41,1,25/08/2017,3
41,2,25/08/2017,74
41,3,25/08/2017,40
41,4,25/08/2017,6
41,5,25/08/2017,5
41,6,25/08/2017,100
41,7,25/08/2017,58
41,8,25/08/2017,SI
41,9,25/08/2017,3
42,1,28/07/2017,5
42,2,28/07/2017,79
42,3,28/07/2017,28
42,4,28/07/2017,49
42,5,28/07/2017,1
42,6,28/07/2017,76
42,7,28/07/2017,40
42,8,28/07/2017,NO
42,9,28/07/2017,
43,1,13/07/2017,3
43,2,13/07/2017,41
43,3,13/07/2017,35
43,4,13/07/2017,4
43,5,13/07/2017,2
43,6,13/07/2017,16
43,7,13/07/2017,9
43,8,13/07/2017,NO
43,9,13/07/2017,
44,1,12/09/2017,1
44,2,12/09/2017,52
44,3,12/09/2017,44
44,4,12/09/2017,3
44,5,12/09/2017,4
44,6,12/09/2017,83
44,7,12/09/2017,64
44,8,12/09/2017,NO
44,9,12/09/2017,
45,1,01/08/2017,1
45,2,01/08/2017,75
45,3,01/08/2017,66
45,4,01/08/2017,2
45,5,01/08/2017,2
45,6,01/08/2017,35
45,7,01/08/2017,16
45,8,01/08/2017,NO
45,9,01/08/2017,
46,1,22/09/2017,1
46,2,22/09/2017,12
46,3,22/09/2017,5
46,4,22/09/2017,4
46,5,22/09/2017,3
46,6,22/09/2017,95
46,7,22/09/2017,5
46,8,22/09/2017,SI
46,9,22/09/2017,1
47,1,06/08/2017,5
47,2,06/08/2017,0
47,3,06/08/2017,0
47,4,06/08/2017,0
47,5,06/08/2017,1
47,6,06/08/2017,90
47,7,06/08/2017,77
47,8,06/08/2017,NO
47,9,06/08/2017,
48,1,04/07/2017,3
48,2,04/07/2017,86
48,3,04/07/2017,52
48,4,04/07/2017,1
48,5,04/07/2017,1
48,6,04/07/2017,57
48,7,04/07/2017,54
48,8,04/07/2017,SI
48,9,04/07/2017,4
49,1,28/08/2017,4
49,2,28/08/2017,51
49,3,28/08/2017,45
49,4,28/08/2017,6
49,5,28/08/2017,3
49,6,28/08/2017,48
49,7,28/08/2017,2
49,8,28/08/2017,NO
49,9,28/08/2017,
50,1,14/09/2017,4
50,2,14/09/2017,33
50,3,14/09/2017,21
50,4,14/09/2017,8
50,5,14/09/2017,2
50,6,14/09/2017,13
50,7,14/09/2017,0
50,8,14/09/2017,SI
50,9,14/09/2017,4
51,1,06/08/2017,2
51,2,06/08/2017,95
51,3,06/08/2017,66
51,4,06/08/2017,25
51,5,06/08/2017,3
51,6,06/08/2017,62
51,7,06/08/2017,11
51,8,06/08/2017,SI
51,9,06/08/2017,1
52,1,26/07/2017,3
52,2,26/07/2017,89
52,3,26/07/2017,14
52,4,26/07/2017,68
52,5,26/07/2017,5
52,6,26/07/2017,62
52,7,26/07/2017,25
52,8,26/07/2017,NO
52,9,26/07/2017,
53,1,28/08/2017,5
53,2,28/08/2017,36
53,3,28/08/2017,1
53,4,28/08/2017,22
53,5,28/08/2017,5
53,6,28/08/2017,31
53,7,28/08/2017,12
53,8,28/08/2017,NO
53,9,28/08/2017,
54,1,13/07/2017,2
54,2,13/07/2017,16
54,3,13/07/2017,13
54,4,13/07/2017,2
54,5,13/07/2017,2
54,6,13/07/2017,41
54,7,13/07/2017,17
54,8,13/07/2017,SI
54,9,13/07/2017,2
55,1,19/08/2017,2
55,2,19/08/2017,12
55,3,19/08/2017,4
55,4,19/08/2017,0
55,5,19/08/2017,4
55,6,19/08/2017,42
55,7,19/08/2017,28
55,8,19/08/2017,NO
55,9,19/08/2017,
56,1,02/09/2017,2
56,2,02/09/2017,30
56,3,02/09/2017,19
56,4,02/09/2017,10
56,5,02/09/2017,5
56,6,02/09/2017,70
56,7,02/09/2017,8
56,8,02/09/2017,SI
56,9,02/09/2017,4
57,1,01/08/2017,1
57,2,01/08/2017,19
57,3,01/08/2017,10
57,4,01/08/2017,1
57,5,01/08/2017,2
57,6,01/08/2017,87
57,7,01/08/2017,50
57,8,01/08/2017,SI
57,9,01/08/2017,1
58,1,17/08/2017,3
58,2,17/08/2017,16
58,3,17/08/2017,8
58,4,17/08/2017,0
58,5,17/08/2017,3
58,6,17/08/2017,22
58,7,17/08/2017,16
58,8,17/08/2017,NO
58,9,17/08/2017,
59,1,28/06/2017,5
59,2,28/06/2017,35
59,3,28/06/2017,17
59,4,28/06/2017,5
59,5,28/06/2017,1
59,6,28/06/2017,12
59,7,28/06/2017,3
59,8,28/06/2017,NO
59,9,28/06/2017,
60,1,27/06/2017,5
60,2,27/06/2017,66
60,3,27/06/2017,30
60,4,27/06/2017,4
60,5,27/06/2017,3
60,6,27/06/2017,66
60,7,27/06/2017,13
60,8,27/06/2017,SI
60,9,27/06/2017,3
61,1,27/07/2017,3
61,2,27/07/2017,90
61,3,27/07/2017,15
61,4,27/07/2017,64
61,5,27/07/2017,2
61,6,27/07/2017,70
61,7,27/07/2017,9
61,8,27/07/2017,SI
61,9,27/07/2017,4
62,1,01/07/2017,2
62,2,01/07/2017,84
62,3,01/07/2017,41
62,4,01/07/2017,11
62,5,01/07/2017,1
62,6,01/07/2017,49
62,7,01/07/2017,22
62,8,01/07/2017,SI
62,9,01/07/2017,5
63,1,21/08/2017,2
63,2,21/08/2017,22
63,3,21/08/2017,17
63,4,21/08/2017,1
63,5,21/08/2017,5
63,6,21/08/2017,82
63,7,21/08/2017,48
63,8,21/08/2017,SI
63,9,21/08/2017,4
64,1,15/08/2017,2
64,2,15/08/2017,12
64,3,15/08/2017,6
64,4,15/08/2017,3
64,5,15/08/2017,4
64,6,15/08/2017,95
64,7,15/08/2017,35
64,8,15/08/2017,SI
64,9,15/08/2017,2
65,1,20/09/2017,2
65,2,20/09/2017,23
65,3,20/09/2017,20
65,4,20/09/2017,1
65,5,20/09/2017,2
65,6,20/09/2017,62
65,7,20/09/2017,20
65,8,20/09/2017,NO
65,9,20/09/2017,
66,1,29/06/2017,4
66,2,29/06/2017,49
66,3,29/06/2017,2
66,4,29/06/2017,18
66,5,29/06/2017,3
66,6,29/06/2017,93
66,7,29/06/2017,28
66,8,29/06/2017,SI
66,9,29/06/2017,1
67,1,10/08/2017,4
67,2,10/08/2017,35
67,3,10/08/2017,13
67,4,10/08/2017,5
67,5,10/08/2017,5
67,6,10/08/2017,41
67,7,10/08/2017,36
67,8,10/08/2017,NO
67,9,10/08/2017,
68,1,20/07/2017,1
68,2,20/07/2017,47
68,3,20/07/2017,45
68,4,20/07/2017,1
68,5,20/07/2017,2
68,6,20/07/2017,53
68,7,20/07/2017,44
68,8,20/07/2017,NO
68,9,20/07/2017,
69,1,07/08/2017,5
69,2,07/08/2017,20
69,3,07/08/2017,1
69,4,07/08/2017,5
69,5,07/08/2017,5
69,6,07/08/2017,80
69,7,07/08/2017,12
69,8,07/08/2017,SI
69,9,07/08/2017,3
70,1,18/08/2017,2
70,2,18/08/2017,22
70,3,18/08/2017,3
70,4,18/08/2017,4
70,5,18/08/2017,1
70,6,18/08/2017,30
70,7,18/08/2017,3
70,8,18/08/2017,SI
70,9,18/08/2017,1
71,1,25/08/2017,5
71,2,25/08/2017,27
71,3,25/08/2017,10
71,4,25/08/2017,4
71,5,25/08/2017,5
71,6,25/08/2017,90
71,7,25/08/2017,13
71,8,25/08/2017,NO
71,9,25/08/2017,
72,1,29/06/2017,1
72,2,29/06/2017,100
72,3,29/06/2017,62
72,4,29/06/2017,3
72,5,29/06/2017,1
72,6,29/06/2017,2
72,7,29/06/2017,2
72,8,29/06/2017,SI
72,9,29/06/2017,4
73,1,19/09/2017,2
73,2,19/09/2017,53
73,3,19/09/2017,9
73,4,19/09/2017,18
73,5,19/09/2017,4
73,6,19/09/2017,34
73,7,19/09/2017,21
73,8,19/09/2017,NO
73,9,19/09/2017,
74,1,06/09/2017,4
74,2,06/09/2017,23
74,3,06/09/2017,21
74,4,06/09/2017,0
74,5,06/09/2017,4
74,6,06/09/2017,11
74,7,06/09/2017,11
74,8,06/09/2017,SI
74,9,06/09/2017,5
75,1,11/07/2017,4
75,2,11/07/2017,69
75,3,11/07/2017,67
75,4,11/07/2017,0
75,5,11/07/2017,3
75,6,11/07/2017,76
75,7,11/07/2017,70
75,8,11/07/2017,NO
75,9,11/07/2017,
76,1,08/07/2017,1
76,2,08/07/2017,100
76,3,08/07/2017,32
76,4,08/07/2017,33
76,5,08/07/2017,2
76,6,08/07/2017,26
76,7,08/07/2017,16
76,8,08/07/2017,NO
76,9,08/07/2017,
77,1,07/07/2017,4
77,2,07/07/2017,80
77,3,07/07/2017,25
77,4,07/07/2017,18
77,5,07/07/2017,5
77,6,07/07/2017,83
77,7,07/07/2017,48
77,8,07/07/2017,SI
77,9,07/07/2017,3
78,1,11/08/2017,1
78,2,11/08/2017,26
78,3,11/08/2017,5
78,4,11/08/2017,18
78,5,11/08/2017,1
78,6,11/08/2017,92
78,7,11/08/2017,35
78,8,11/08/2017,SI
78,9,11/08/2017,4
79,1,25/07/2017,2
79,2,25/07/2017,39
79,3,25/07/2017,26
79,4,25/07/2017,10
79,5,25/07/2017,2
79,6,25/07/2017,31
79,7,25/07/2017,7
79,8,25/07/2017,SI
79,9,25/07/2017,3
80,1,22/09/2017,4
80,2,22/09/2017,8
80,3,22/09/2017,6
80,4,22/09/2017,1
80,5,22/09/2017,3
80,6,22/09/2017,74
80,7,22/09/2017,4
80,8,22/09/2017,SI
80,9,22/09/2017,2
81,1,30/07/2017,1
81,2,30/07/2017,50
81,3,30/07/2017,10
81,4,30/07/2017,11
81,5,30/07/2017,3
81,6,30/07/2017,9
81,7,30/07/2017,5
81,8,30/07/2017,SI
81,9,30/07/2017,1
82,1,05/09/2017,5
82,2,05/09/2017,98
82,3,05/09/2017,57
82,4,05/09/2017,2
82,5,05/09/2017,1
82,6,05/09/2017,23
82,7,05/09/2017,23
82,8,05/09/2017,NO
82,9,05/09/2017,
83,1,21/08/2017,4
83,2,21/08/2017,32
83,3,21/08/2017,0
83,4,21/08/2017,13
83,5,21/08/2017,4
83,6,21/08/2017,60
83,7,21/08/2017,25
83,8,21/08/2017,NO
83,9,21/08/2017,
84,1,28/06/2017,2
84,2,28/06/2017,94
84,3,28/06/2017,65
84,4,28/06/2017,6
84,5,28/06/2017,1
84,6,28/06/2017,78
84,7,28/06/2017,44
84,8,28/06/2017,SI
84,9,28/06/2017,1
85,1,27/08/2017,3
85,2,27/08/2017,46
85,3,27/08/2017,28
85,4,27/08/2017,16
85,5,27/08/2017,1
85,6,27/08/2017,23
85,7,27/08/2017,20
85,8,27/08/2017,SI
85,9,27/08/2017,3
86,1,18/09/2017,1
86,2,18/09/2017,43
86,3,18/09/2017,30
86,4,18/09/2017,10
86,5,18/09/2017,2
86,6,18/09/2017,85
86,7,18/09/2017,69
86,8,18/09/2017,NO
86,9,18/09/2017,
87,1,28/06/2017,3
87,2,28/06/2017,68
87,3,28/06/2017,46
87,4,28/06/2017,21
87,5,28/06/2017,2
87,6,28/06/2017,87
87,7,28/06/2017,43
87,8,28/06/2017,SI
87,9,28/06/2017,3
88,1,30/08/2017,3
88,2,30/08/2017,82
88,3,30/08/2017,79
88,4,30/08/2017,1
88,5,30/08/2017,4
88,6,30/08/2017,12
88,7,30/08/2017,11
88,8,30/08/2017,NO
88,9,30/08/2017,
89,1,17/08/2017,5
89,2,17/08/2017,86
89,3,17/08/2017,59
89,4,17/08/2017,22
89,5,17/08/2017,5
89,6,17/08/2017,58
89,7,17/08/2017,50
89,8,17/08/2017,NO
89,9,17/08/2017,
90,1,30/07/2017,2
90,2,30/07/2017,46
90,3,30/07/2017,4
90,4,30/07/2017,23
90,5,30/07/2017,4
90,6,30/07/2017,20
90,7,30/07/2017,14
90,8,30/07/2017,NO
90,9,30/07/2017,
91,1,24/07/2017,5
91,2,24/07/2017,95
91,3,24/07/2017,90
91,4,24/07/2017,2
91,5,24/07/2017,3
91,6,24/07/2017,49
91,7,24/07/2017,40
91,8,24/07/2017,NO
91,9,24/07/2017,
92,1,01/09/2017,4
92,2,01/09/2017,40
92,3,01/09/2017,27
92,4,01/09/2017,0
92,5,01/09/2017,3
92,6,01/09/2017,11
92,7,01/09/2017,10
92,8,01/09/2017,NO
92,9,01/09/2017,
93,1,07/09/2017,5
93,2,07/09/2017,59
93,3,07/09/2017,49
93,4,07/09/2017,7
93,5,07/09/2017,2
93,6,07/09/2017,74
93,7,07/09/2017,58
93,8,07/09/2017,SI
93,9,07/09/2017,3
94,1,17/09/2017,2
94,2,17/09/2017,45
94,3,17/09/2017,40
94,4,17/09/2017,1
94,5,17/09/2017,5
94,6,17/09/2017,77
94,7,17/09/2017,60
94,8,17/09/2017,NO
94,9,17/09/2017,
95,1,28/06/2017,2
95,2,28/06/2017,39
95,3,28/06/2017,17
95,4,28/06/2017,0
95,5,28/06/2017,4
95,6,28/06/2017,79
95,7,28/06/2017,40
95,8,28/06/2017,SI
95,9,28/06/2017,3
96,1,04/09/2017,4
96,2,04/09/2017,90
96,3,04/09/2017,35
96,4,04/09/2017,32
96,5,04/09/2017,5
96,6,04/09/2017,10
96,7,04/09/2017,1
96,8,04/09/2017,NO
96,9,04/09/2017,
97,1,06/09/2017,2
97,2,06/09/2017,80
97,3,06/09/2017,35
97,4,06/09/2017,24
97,5,06/09/2017,2
97,6,06/09/2017,60
97,7,06/09/2017,14
97,8,06/09/2017,NO
97,9,06/09/2017,
98,1,27/07/2017,1
98,2,27/07/2017,26
98,3,27/07/2017,2
98,4,27/07/2017,12
98,5,27/07/2017,2
98,6,27/07/2017,53
98,7,27/07/2017,45
98,8,27/07/2017,NO
98,9,27/07/2017,
99,1,07/08/2017,4
99,2,07/08/2017,89
99,3,07/08/2017,72
99,4,07/08/2017,7
99,5,07/08/2017,2
99,6,07/08/2017,60
99,7,07/08/2017,48
99,8,07/08/2017,SI
99,9,07/08/2017,3
100,1,16/09/2017,4
100,2,16/09/2017,53
100,3,16/09/2017,44
100,4,16/09/2017,1
100,5,16/09/2017,1
100,6,16/09/2017,33
100,7,16/09/2017,16
100,8,16/09/2017,SI
100,9,16/09/2017,3
101,1,15/09/2017,3
101,2,15/09/2017,76
101,3,15/09/2017,9
101,4,15/09/2017,59
101,5,15/09/2017,1
101,6,15/09/2017,12
101,7,15/09/2017,1
101,8,15/09/2017,NO
101,9,15/09/2017,
102,1,11/09/2017,4
102,2,11/09/2017,12
102,3,11/09/2017,4
102,4,11/09/2017,6
102,5,11/09/2017,1
102,6,11/09/2017,31
102,7,11/09/2017,14
102,8,11/09/2017,SI
102,9,11/09/2017,3
103,1,29/06/2017,3
103,2,29/06/2017,21
103,3,29/06/2017,21
103,4,29/06/2017,0
103,5,29/06/2017,2
103,6,29/06/2017,65
103,7,29/06/2017,13
103,8,29/06/2017,NO
103,9,29/06/2017,
104,1,29/08/2017,3
104,2,29/08/2017,51
104,3,29/08/2017,9
104,4,29/08/2017,17
104,5,29/08/2017,2
104,6,29/08/2017,66
104,7,29/08/2017,12
104,8,29/08/2017,NO
104,9,29/08/2017,
105,1,18/07/2017,5
105,2,18/07/2017,63
105,3,18/07/2017,31
105,4,18/07/2017,18
105,5,18/07/2017,3
105,6,18/07/2017,4
105,7,18/07/2017,1
105,8,18/07/2017,SI
105,9,18/07/2017,4
106,1,25/08/2017,1
106,2,25/08/2017,10
106,3,25/08/2017,1
106,4,25/08/2017,5
106,5,25/08/2017,5
106,6,25/08/2017,88
106,7,25/08/2017,26
106,8,25/08/2017,NO
106,9,25/08/2017,
107,1,23/11/2017,2
107,2,23/11/2017,98
107,3,23/11/2017,23
107,4,23/11/2017,61
107,5,23/11/2017,3
107,6,23/11/2017,28
107,7,23/11/2017,10
107,8,23/11/2017,NO
107,9,23/11/2017,
108,1,02/10/2017,2
108,2,02/10/2017,29
108,3,02/10/2017,15
108,4,02/10/2017,13
108,5,02/10/2017,4
108,6,02/10/2017,99
108,7,02/10/2017,17
108,8,02/10/2017,SI
108,9,02/10/2017,3
109,1,24/11/2017,2
109,2,24/11/2017,48
109,3,24/11/2017,1
109,4,24/11/2017,3
109,5,24/11/2017,2
109,6,24/11/2017,98
109,7,24/11/2017,18
109,8,24/11/2017,SI
109,9,24/11/2017,2
110,1,08/12/2017,5
110,2,08/12/2017,95
110,3,08/12/2017,87
110,4,08/12/2017,6
110,5,08/12/2017,1
110,6,08/12/2017,32
110,7,08/12/2017,29
110,8,08/12/2017,NO
110,9,08/12/2017,
111,1,21/11/2017,4
111,2,21/11/2017,91
111,3,21/11/2017,19
111,4,21/11/2017,33
111,5,21/11/2017,2
111,6,21/11/2017,76
111,7,21/11/2017,25
111,8,21/11/2017,NO
111,9,21/11/2017,
112,1,15/12/2017,5
112,2,15/12/2017,89
112,3,15/12/2017,85
112,4,15/12/2017,1
112,5,15/12/2017,1
112,6,15/12/2017,99
112,7,15/12/2017,76
112,8,15/12/2017,SI
112,9,15/12/2017,1
113,1,19/12/2017,5
113,2,19/12/2017,44
113,3,19/12/2017,44
113,4,19/12/2017,0
113,5,19/12/2017,5
113,6,19/12/2017,50
113,7,19/12/2017,48
113,8,19/12/2017,NO
113,9,19/12/2017,
114,1,14/12/2017,1
114,2,14/12/2017,56
114,3,14/12/2017,37
114,4,14/12/2017,12
114,5,14/12/2017,5
114,6,14/12/2017,48
114,7,14/12/2017,34
114,8,14/12/2017,SI
114,9,14/12/2017,1
115,1,23/11/2017,2
115,2,23/11/2017,88
115,3,23/11/2017,35
115,4,23/11/2017,53
115,5,23/11/2017,2
115,6,23/11/2017,35
115,7,23/11/2017,3
115,8,23/11/2017,SI
115,9,23/11/2017,3
116,1,12/12/2017,5
116,2,12/12/2017,41
116,3,12/12/2017,37
116,4,12/12/2017,1
116,5,12/12/2017,1
116,6,12/12/2017,55
116,7,12/12/2017,43
116,8,12/12/2017,NO
116,9,12/12/2017,
117,1,18/10/2017,5
117,2,18/10/2017,53
117,3,18/10/2017,20
117,4,18/10/2017,9
117,5,18/10/2017,5
117,6,18/10/2017,28
117,7,18/10/2017,12
117,8,18/10/2017,SI
117,9,18/10/2017,2
118,1,02/10/2017,2
118,2,02/10/2017,44
118,3,02/10/2017,37
118,4,02/10/2017,0
118,5,02/10/2017,5
118,6,02/10/2017,39
118,7,02/10/2017,29
118,8,02/10/2017,NO
118,9,02/10/2017,
119,1,10/11/2017,4
119,2,10/11/2017,76
119,3,10/11/2017,20
119,4,10/11/2017,0
119,5,10/11/2017,5
119,6,10/11/2017,36
119,7,10/11/2017,30
119,8,10/11/2017,NO
119,9,10/11/2017,
120,1,03/12/2017,5
120,2,03/12/2017,51
120,3,03/12/2017,32
120,4,03/12/2017,5
120,5,03/12/2017,1
120,6,03/12/2017,93
120,7,03/12/2017,0
120,8,03/12/2017,SI
120,9,03/12/2017,4
121,1,29/10/2017,1
121,2,29/10/2017,79
121,3,29/10/2017,17
121,4,29/10/2017,62
121,5,29/10/2017,4
121,6,29/10/2017,57
121,7,29/10/2017,19
121,8,29/10/2017,NO
121,9,29/10/2017,
122,1,02/11/2017,3
122,2,02/11/2017,46
122,3,02/11/2017,9
122,4,02/11/2017,2
122,5,02/11/2017,2
122,6,02/11/2017,67
122,7,02/11/2017,41
122,8,02/11/2017,SI
122,9,02/11/2017,1
123,1,17/10/2017,2
123,2,17/10/2017,27
123,3,17/10/2017,10
123,4,17/10/2017,4
123,5,17/10/2017,2
123,6,17/10/2017,26
123,7,17/10/2017,13
123,8,17/10/2017,NO
123,9,17/10/2017,
124,1,01/11/2017,1
124,2,01/11/2017,24
124,3,01/11/2017,20
124,4,01/11/2017,0
124,5,01/11/2017,5
124,6,01/11/2017,20
124,7,01/11/2017,0
124,8,01/11/2017,NO
124,9,01/11/2017,
125,1,10/12/2017,3
125,2,10/12/2017,63
125,3,10/12/2017,53
125,4,10/12/2017,3
125,5,10/12/2017,2
125,6,10/12/2017,19
125,7,10/12/2017,2
125,8,10/12/2017,NO
125,9,10/12/2017,
126,1,01/12/2017,4
126,2,01/12/2017,48
126,3,01/12/2017,29
126,4,01/12/2017,11
126,5,01/12/2017,4
126,6,01/12/2017,39
126,7,01/12/2017,0
126,8,01/12/2017,SI
126,9,01/12/2017,2
127,1,01/10/2017,3
127,2,01/10/2017,56
127,3,01/10/2017,53
127,4,01/10/2017,0
127,5,01/10/2017,3
127,6,01/10/2017,89
127,7,01/10/2017,83
127,8,01/10/2017,SI
127,9,01/10/2017,1
128,1,08/11/2017,2
128,2,08/11/2017,81
128,3,08/11/2017,12
128,4,08/11/2017,24
128,5,08/11/2017,1
128,6,08/11/2017,65
128,7,08/11/2017,10
128,8,08/11/2017,SI
128,9,08/11/2017,5
129,1,22/12/2017,5
129,2,22/12/2017,94
129,3,22/12/2017,15
129,4,22/12/2017,51
129,5,22/12/2017,3
129,6,22/12/2017,85
129,7,22/12/2017,20
129,8,22/12/2017,SI
129,9,22/12/2017,3
130,1,11/10/2017,4
130,2,11/10/2017,25
130,3,11/10/2017,13
130,4,11/10/2017,0
130,5,11/10/2017,3
130,6,11/10/2017,36
130,7,11/10/2017,36
130,8,11/10/2017,SI
130,9,11/10/2017,4
131,1,01/11/2017,4
131,2,01/11/2017,78
131,3,01/11/2017,49
131,4,01/11/2017,0
131,5,01/11/2017,4
131,6,01/11/2017,29
131,7,01/11/2017,28
131,8,01/11/2017,SI
131,9,01/11/2017,4
132,1,31/10/2017,3
132,2,31/10/2017,31
132,3,31/10/2017,23
132,4,31/10/2017,2
132,5,31/10/2017,4
132,6,31/10/2017,89
132,7,31/10/2017,81
132,8,31/10/2017,NO
132,9,31/10/2017,
133,1,19/12/2017,5
133,2,19/12/2017,18
133,3,19/12/2017,17
133,4,19/12/2017,0
133,5,19/12/2017,2
133,6,19/12/2017,95
133,7,19/12/2017,51
133,8,19/12/2017,NO
133,9,19/12/2017,
134,1,21/12/2017,1
134,2,21/12/2017,21
134,3,21/12/2017,14
134,4,21/12/2017,1
134,5,21/12/2017,3
134,6,21/12/2017,82
134,7,21/12/2017,27
134,8,21/12/2017,NO
134,9,21/12/2017,
135,1,06/12/2017,2
135,2,06/12/2017,19
135,3,06/12/2017,15
135,4,06/12/2017,1
135,5,06/12/2017,4
135,6,06/12/2017,9
135,7,06/12/2017,7
135,8,06/12/2017,SI
135,9,06/12/2017,5
136,1,20/10/2017,5
136,2,20/10/2017,43
136,3,20/10/2017,6
136,4,20/10/2017,33
136,5,20/10/2017,3
136,6,20/10/2017,84
136,7,20/10/2017,28
136,8,20/10/2017,NO
136,9,20/10/2017,
137,1,21/12/2017,3
137,2,21/12/2017,8
137,3,21/12/2017,4
137,4,21/12/2017,4
137,5,21/12/2017,3
137,6,21/12/2017,9
137,7,21/12/2017,0
137,8,21/12/2017,NO
137,9,21/12/2017,
138,1,23/12/2017,1
138,2,23/12/2017,66
138,3,23/12/2017,20
138,4,23/12/2017,41
138,5,23/12/2017,5
138,6,23/12/2017,10
138,7,23/12/2017,8
138,8,23/12/2017,SI
138,9,23/12/2017,1
139,1,16/11/2017,5
139,2,16/11/2017,95
139,3,16/11/2017,41
139,4,16/11/2017,19
139,5,16/11/2017,1
139,6,16/11/2017,71
139,7,16/11/2017,43
139,8,16/11/2017,SI
139,9,16/11/2017,4
140,1,29/09/2017,2
140,2,29/09/2017,2
140,3,29/09/2017,2
140,4,29/09/2017,0
140,5,29/09/2017,4
140,6,29/09/2017,49
140,7,29/09/2017,19
140,8,29/09/2017,SI
140,9,29/09/2017,3
141,1,25/11/2017,1
141,2,25/11/2017,99
141,3,25/11/2017,54
141,4,25/11/2017,16
141,5,25/11/2017,5
141,6,25/11/2017,47
141,7,25/11/2017,12
141,8,25/11/2017,NO
141,9,25/11/2017,
142,1,02/10/2017,4
142,2,02/10/2017,56
142,3,02/10/2017,46
142,4,02/10/2017,5
142,5,02/10/2017,4
142,6,02/10/2017,88
142,7,02/10/2017,41
142,8,02/10/2017,NO
142,9,02/10/2017,
143,1,24/12/2017,2
143,2,24/12/2017,53
143,3,24/12/2017,23
143,4,24/12/2017,27
143,5,24/12/2017,1
143,6,24/12/2017,97
143,7,24/12/2017,61
143,8,24/12/2017,NO
143,9,24/12/2017,
144,1,04/10/2017,3
144,2,04/10/2017,4
144,3,04/10/2017,0
144,4,04/10/2017,2
144,5,04/10/2017,1
144,6,04/10/2017,47
144,7,04/10/2017,36
144,8,04/10/2017,NO
144,9,04/10/2017,
145,1,12/10/2017,4
145,2,12/10/2017,42
145,3,12/10/2017,40
145,4,12/10/2017,2
145,5,12/10/2017,3
145,6,12/10/2017,32
145,7,12/10/2017,27
145,8,12/10/2017,NO
145,9,12/10/2017,
146,1,10/10/2017,1
146,2,10/10/2017,94
146,3,10/10/2017,20
146,4,10/10/2017,54
146,5,10/10/2017,4
146,6,10/10/2017,46
146,7,10/10/2017,16
146,8,10/10/2017,SI
146,9,10/10/2017,5
147,1,29/09/2017,4
147,2,29/09/2017,79
147,3,29/09/2017,27
147,4,29/09/2017,37
147,5,29/09/2017,2
147,6,29/09/2017,81
147,7,29/09/2017,33
147,8,29/09/2017,NO
147,9,29/09/2017,
148,1,07/10/2017,2
148,2,07/10/2017,92
148,3,07/10/2017,63
148,4,07/10/2017,2
148,5,07/10/2017,5
148,6,07/10/2017,87
148,7,07/10/2017,80
148,8,07/10/2017,SI
148,9,07/10/2017,3
149,1,19/11/2017,1
149,2,19/11/2017,94
149,3,19/11/2017,36
149,4,19/11/2017,27
149,5,19/11/2017,2
149,6,19/11/2017,90
149,7,19/11/2017,46
149,8,19/11/2017,NO
149,9,19/11/2017,
150,1,07/10/2017,3
150,2,07/10/2017,90
150,3,07/10/2017,70
150,4,07/10/2017,11
150,5,07/10/2017,4
150,6,07/10/2017,74
150,7,07/10/2017,39
150,8,07/10/2017,NO
150,9,07/10/2017,
151,1,01/12/2017,3
151,2,01/12/2017,55
151,3,01/12/2017,47
151,4,01/12/2017,0
151,5,01/12/2017,3
151,6,01/12/2017,45
151,7,01/12/2017,22
151,8,01/12/2017,NO
151,9,01/12/2017,
152,1,01/12/2017,5
152,2,01/12/2017,44
152,3,01/12/2017,6
152,4,01/12/2017,15
152,5,01/12/2017,4
152,6,01/12/2017,87
152,7,01/12/2017,37
152,8,01/12/2017,SI
152,9,01/12/2017,2
153,1,23/10/2017,3
153,2,23/10/2017,47
153,3,23/10/2017,2
153,4,23/10/2017,33
153,5,23/10/2017,1
153,6,23/10/2017,38
153,7,23/10/2017,8
153,8,23/10/2017,NO
153,9,23/10/2017,
154,1,09/11/2017,4
154,2,09/11/2017,83
154,3,09/11/2017,57
154,4,09/11/2017,10
154,5,09/11/2017,5
154,6,09/11/2017,55
154,7,09/11/2017,31
154,8,09/11/2017,NO
154,9,09/11/2017,
155,1,11/12/2017,5
155,2,11/12/2017,8
155,3,11/12/2017,3
155,4,11/12/2017,2
155,5,11/12/2017,4
155,6,11/12/2017,23
155,7,11/12/2017,16
155,8,11/12/2017,SI
155,9,11/12/2017,5
156,1,23/10/2017,1
156,2,23/10/2017,4
156,3,23/10/2017,4
156,4,23/10/2017,0
156,5,23/10/2017,2
156,6,23/10/2017,37
156,7,23/10/2017,24
156,8,23/10/2017,NO
156,9,23/10/2017,
157,1,12/10/2017,4
157,2,12/10/2017,81
157,3,12/10/2017,61
157,4,12/10/2017,20
157,5,12/10/2017,1
157,6,12/10/2017,53
157,7,12/10/2017,49
157,8,12/10/2017,SI
157,9,12/10/2017,2
158,1,11/12/2017,1
158,2,11/12/2017,9
158,3,11/12/2017,5
158,4,11/12/2017,1
158,5,11/12/2017,3
158,6,11/12/2017,76
158,7,11/12/2017,23
158,8,11/12/2017,SI
158,9,11/12/2017,1
159,1,27/11/2017,3
159,2,27/11/2017,6
159,3,27/11/2017,5
159,4,27/11/2017,1
159,5,27/11/2017,2
159,6,27/11/2017,29
159,7,27/11/2017,23
159,8,27/11/2017,SI
159,9,27/11/2017,1
160,1,01/12/2017,2
160,2,01/12/2017,95
160,3,01/12/2017,25
160,4,01/12/2017,55
160,5,01/12/2017,5
160,6,01/12/2017,100
160,7,01/12/2017,90
160,8,01/12/2017,NO
160,9,01/12/2017,
161,1,19/12/2017,3
161,2,19/12/2017,30
161,3,19/12/2017,1
161,4,19/12/2017,2
161,5,19/12/2017,2
161,6,19/12/2017,39
161,7,19/12/2017,17
161,8,19/12/2017,NO
161,9,19/12/2017,
162,1,13/12/2017,1
162,2,13/12/2017,66
162,3,13/12/2017,57
162,4,13/12/2017,8
162,5,13/12/2017,5
162,6,13/12/2017,81
162,7,13/12/2017,74
162,8,13/12/2017,SI
162,9,13/12/2017,2
163,1,14/10/2017,1
163,2,14/10/2017,45
163,3,14/10/2017,16
163,4,14/10/2017,13
163,5,14/10/2017,3
163,6,14/10/2017,81
163,7,14/10/2017,28
163,8,14/10/2017,SI
163,9,14/10/2017,1
164,1,17/12/2017,5
164,2,17/12/2017,31
164,3,17/12/2017,3
164,4,17/12/2017,0
164,5,17/12/2017,5
164,6,17/12/2017,5
164,7,17/12/2017,0
164,8,17/12/2017,NO
164,9,17/12/2017,
165,1,23/11/2017,3
165,2,23/11/2017,4
165,3,23/11/2017,3
165,4,23/11/2017,1
165,5,23/11/2017,2
165,6,23/11/2017,2
165,7,23/11/2017,2
165,8,23/11/2017,NO
165,9,23/11/2017,
166,1,24/12/2017,1
166,2,24/12/2017,81
166,3,24/12/2017,0
166,4,24/12/2017,36
166,5,24/12/2017,5
166,6,24/12/2017,25
166,7,24/12/2017,12
166,8,24/12/2017,NO
166,9,24/12/2017,
167,1,30/09/2017,4
167,2,30/09/2017,75
167,3,30/09/2017,60
167,4,30/09/2017,5
167,5,30/09/2017,4
167,6,30/09/2017,64
167,7,30/09/2017,42
167,8,30/09/2017,SI
167,9,30/09/2017,3
168,1,13/12/2017,3
168,2,13/12/2017,48
168,3,13/12/2017,8
168,4,13/12/2017,39
168,5,13/12/2017,4
168,6,13/12/2017,99
168,7,13/12/2017,3
168,8,13/12/2017,SI
168,9,13/12/2017,5
169,1,24/10/2017,3
169,2,24/10/2017,74
169,3,24/10/2017,22
169,4,24/10/2017,37
169,5,24/10/2017,2
169,6,24/10/2017,55
169,7,24/10/2017,54
169,8,24/10/2017,NO
169,9,24/10/2017,
170,1,30/10/2017,3
170,2,30/10/2017,79
170,3,30/10/2017,18
170,4,30/10/2017,52
170,5,30/10/2017,4
170,6,30/10/2017,75
170,7,30/10/2017,9
170,8,30/10/2017,SI
170,9,30/10/2017,4
171,1,23/12/2017,3
171,2,23/12/2017,75
171,3,23/12/2017,69
171,4,23/12/2017,5
171,5,23/12/2017,5
171,6,23/12/2017,13
171,7,23/12/2017,6
171,8,23/12/2017,NO
171,9,23/12/2017,
172,1,18/11/2017,3
172,2,18/11/2017,2
172,3,18/11/2017,2
172,4,18/11/2017,0
172,5,18/11/2017,2
172,6,18/11/2017,56
172,7,18/11/2017,43
172,8,18/11/2017,NO
172,9,18/11/2017,
173,1,19/10/2017,4
173,2,19/10/2017,84
173,3,19/10/2017,61
173,4,19/10/2017,21
173,5,19/10/2017,1
173,6,19/10/2017,67
173,7,19/10/2017,66
173,8,19/10/2017,SI
173,9,19/10/2017,4
174,1,07/11/2017,4
174,2,07/11/2017,27
174,3,07/11/2017,19
174,4,07/11/2017,0
174,5,07/11/2017,5
174,6,07/11/2017,75
174,7,07/11/2017,14
174,8,07/11/2017,SI
174,9,07/11/2017,5
175,1,29/09/2017,1
175,2,29/09/2017,81
175,3,29/09/2017,68
175,4,29/09/2017,3
175,5,29/09/2017,5
175,6,29/09/2017,76
175,7,29/09/2017,70
175,8,29/09/2017,NO
175,9,29/09/2017,
176,1,23/11/2017,1
176,2,23/11/2017,27
176,3,23/11/2017,8
176,4,23/11/2017,14
176,5,23/11/2017,4
176,6,23/11/2017,10
176,7,23/11/2017,5
176,8,23/11/2017,NO
176,9,23/11/2017,
177,1,11/11/2017,2
177,2,11/11/2017,69
177,3,11/11/2017,8
177,4,11/11/2017,50
177,5,11/11/2017,5
177,6,11/11/2017,59
177,7,11/11/2017,30
177,8,11/11/2017,NO
177,9,11/11/2017,
178,1,25/12/2017,2
178,2,25/12/2017,47
178,3,25/12/2017,40
178,4,25/12/2017,0
178,5,25/12/2017,4
178,6,25/12/2017,40
178,7,25/12/2017,29
178,8,25/12/2017,SI
178,9,25/12/2017,3
179,1,06/10/2017,4
179,2,06/10/2017,64
179,3,06/10/2017,1
179,4,06/10/2017,40
179,5,06/10/2017,2
179,6,06/10/2017,70
179,7,06/10/2017,65
179,8,06/10/2017,SI
179,9,06/10/2017,3
180,1,02/11/2017,3
180,2,02/11/2017,60
180,3,02/11/2017,8
180,4,02/11/2017,34
180,5,02/11/2017,2
180,6,02/11/2017,70
180,7,02/11/2017,58
180,8,02/11/2017,NO
180,9,02/11/2017,
181,1,21/12/2017,3
181,2,21/12/2017,28
181,3,21/12/2017,6
181,4,21/12/2017,20
181,5,21/12/2017,3
181,6,21/12/2017,65
181,7,21/12/2017,15
181,8,21/12/2017,SI
181,9,21/12/2017,4
182,1,27/11/2017,3
182,2,27/11/2017,29
182,3,27/11/2017,29
182,4,27/11/2017,0
182,5,27/11/2017,3
182,6,27/11/2017,56
182,7,27/11/2017,19
182,8,27/11/2017,NO
182,9,27/11/2017,
183,1,14/10/2017,2
183,2,14/10/2017,36
183,3,14/10/2017,27
183,4,14/10/2017,5
183,5,14/10/2017,2
183,6,14/10/2017,7
183,7,14/10/2017,4
183,8,14/10/2017,NO
183,9,14/10/2017,
184,1,04/12/2017,3
184,2,04/12/2017,51
184,3,04/12/2017,28
184,4,04/12/2017,4
184,5,04/12/2017,1
184,6,04/12/2017,32
184,7,04/12/2017,32
184,8,04/12/2017,NO
184,9,04/12/2017,
185,1,02/10/2017,4
185,2,02/10/2017,79
185,3,02/10/2017,22
185,4,02/10/2017,37
185,5,02/10/2017,1
185,6,02/10/2017,59
185,7,02/10/2017,57
185,8,02/10/2017,SI
185,9,02/10/2017,3
186,1,19/12/2017,3
186,2,19/12/2017,69
186,3,19/12/2017,24
186,4,19/12/2017,8
186,5,19/12/2017,2
186,6,19/12/2017,78
186,7,19/12/2017,20
186,8,19/12/2017,NO
186,9,19/12/2017,
187,1,31/10/2017,3
187,2,31/10/2017,65
187,3,31/10/2017,50
187,4,31/10/2017,8
187,5,31/10/2017,1
187,6,31/10/2017,83
187,7,31/10/2017,54
187,8,31/10/2017,NO
187,9,31/10/2017,
188,1,02/11/2017,5
188,2,02/11/2017,93
188,3,02/11/2017,86
188,4,02/11/2017,4
188,5,02/11/2017,3
188,6,02/11/2017,12
188,7,02/11/2017,12
188,8,02/11/2017,SI
188,9,02/11/2017,3
189,1,25/12/2017,5
189,2,25/12/2017,5
189,3,25/12/2017,5
189,4,25/12/2017,0
189,5,25/12/2017,5
189,6,25/12/2017,49
189,7,25/12/2017,45
189,8,25/12/2017,NO
189,9,25/12/2017,
190,1,12/10/2017,1
190,2,12/10/2017,96
190,3,12/10/2017,64
190,4,12/10/2017,4
190,5,12/10/2017,1
190,6,12/10/2017,3
190,7,12/10/2017,3
190,8,12/10/2017,NO
190,9,12/10/2017,
191,1,24/12/2017,1
191,2,24/12/2017,93
191,3,24/12/2017,65
191,4,24/12/2017,12
191,5,24/12/2017,5
191,6,24/12/2017,95
191,7,24/12/2017,73
191,8,24/12/2017,SI
191,9,24/12/2017,5
192,1,24/12/2017,1
192,2,24/12/2017,11
192,3,24/12/2017,8
192,4,24/12/2017,1
192,5,24/12/2017,1
192,6,24/12/2017,36
192,7,24/12/2017,9
192,8,24/12/2017,NO
192,9,24/12/2017,
193,1,25/11/2017,3
193,2,25/11/2017,93
193,3,25/11/2017,87
193,4,25/11/2017,4
193,5,25/11/2017,2
193,6,25/11/2017,39
193,7,25/11/2017,7
193,8,25/11/2017,SI
193,9,25/11/2017,5
194,1,22/11/2017,1
194,2,22/11/2017,28
194,3,22/11/2017,17
194,4,22/11/2017,8
194,5,22/11/2017,2
194,6,22/11/2017,71
194,7,22/11/2017,24
194,8,22/11/2017,SI
194,9,22/11/2017,2
195,1,11/10/2017,2
195,2,11/10/2017,69
195,3,11/10/2017,68
195,4,11/10/2017,0
195,5,11/10/2017,1
195,6,11/10/2017,26
195,7,11/10/2017,8
195,8,11/10/2017,SI
195,9,11/10/2017,5
196,1,14/10/2017,5
196,2,14/10/2017,20
196,3,14/10/2017,20
196,4,14/10/2017,0
196,5,14/10/2017,5
196,6,14/10/2017,78
196,7,14/10/2017,61
196,8,14/10/2017,SI
196,9,14/10/2017,4
197,1,05/12/2017,5
197,2,05/12/2017,78
197,3,05/12/2017,18
197,4,05/12/2017,53
197,5,05/12/2017,3
197,6,05/12/2017,52
197,7,05/12/2017,17
197,8,05/12/2017,SI
197,9,05/12/2017,4
198,1,13/12/2017,5
198,2,13/12/2017,82
198,3,13/12/2017,51
198,4,13/12/2017,0
198,5,13/12/2017,2
198,6,13/12/2017,93
198,7,13/12/2017,46
198,8,13/12/2017,NO
198,9,13/12/2017,
199,1,18/12/2017,5
199,2,18/12/2017,55
199,3,18/12/2017,41
199,4,18/12/2017,14
199,5,18/12/2017,1
199,6,18/12/2017,70
199,7,18/12/2017,19
199,8,18/12/2017,NO
199,9,18/12/2017,
200,1,28/09/2017,1
200,2,28/09/2017,73
200,3,28/09/2017,58
200,4,28/09/2017,13
200,5,28/09/2017,3
200,6,28/09/2017,92
200,7,28/09/2017,36
200,8,28/09/2017,NO
200,9,28/09/2017,
201,1,19/11/2017,1
201,2,19/11/2017,75
201,3,19/11/2017,24
201,4,19/11/2017,24
201,5,19/11/2017,4
201,6,19/11/2017,13
201,7,19/11/2017,12
201,8,19/11/2017,NO
201,9,19/11/2017,
202,1,01/11/2017,1
202,2,01/11/2017,36
202,3,01/11/2017,6
202,4,01/11/2017,1
202,5,01/11/2017,5
202,6,01/11/2017,6
202,7,01/11/2017,6
202,8,01/11/2017,SI
202,9,01/11/2017,5
203,1,23/11/2017,4
203,2,23/11/2017,28
203,3,23/11/2017,4
203,4,23/11/2017,17
203,5,23/11/2017,5
203,6,23/11/2017,97
203,7,23/11/2017,11
203,8,23/11/2017,NO
203,9,23/11/2017,
204,1,01/10/2017,1
204,2,01/10/2017,99
204,3,01/10/2017,12
204,4,01/10/2017,9
204,5,01/10/2017,1
204,6,01/10/2017,14
204,7,01/10/2017,8
204,8,01/10/2017,NO
204,9,01/10/2017,
205,1,03/11/2017,4
205,2,03/11/2017,94
205,3,03/11/2017,78
205,4,03/11/2017,0
205,5,03/11/2017,4
205,6,03/11/2017,3
205,7,03/11/2017,1
205,8,03/11/2017,NO
205,9,03/11/2017,
206,1,11/10/2017,1
206,2,11/10/2017,35
206,3,11/10/2017,33
206,4,11/10/2017,2
206,5,11/10/2017,1
206,6,11/10/2017,50
206,7,11/10/2017,44
206,8,11/10/2017,SI
206,9,11/10/2017,5
207,1,06/11/2017,1
207,2,06/11/2017,52
207,3,06/11/2017,2
207,4,06/11/2017,9
207,5,06/11/2017,2
207,6,06/11/2017,16
207,7,06/11/2017,14
207,8,06/11/2017,NO
207,9,06/11/2017,
208,1,10/11/2017,5
208,2,10/11/2017,35
208,3,10/11/2017,13
208,4,10/11/2017,9
208,5,10/11/2017,2
208,6,10/11/2017,96
208,7,10/11/2017,69
208,8,10/11/2017,SI
208,9,10/11/2017,4
209,1,30/10/2017,5
209,2,30/10/2017,47
209,3,30/10/2017,11
209,4,30/10/2017,21
209,5,30/10/2017,3
209,6,30/10/2017,84
209,7,30/10/2017,36
209,8,30/10/2017,SI
209,9,30/10/2017,1
210,1,29/10/2017,2
210,2,29/10/2017,55
210,3,29/10/2017,52
210,4,29/10/2017,1
210,5,29/10/2017,5
210,6,29/10/2017,1
210,7,29/10/2017,0
210,8,29/10/2017,NO
210,9,29/10/2017,
211,1,27/09/2017,2
211,2,27/09/2017,81
211,3,27/09/2017,35
211,4,27/09/2017,32
211,5,27/09/2017,5
211,6,27/09/2017,77
211,7,27/09/2017,31
211,8,27/09/2017,SI
211,9,27/09/2017,3
212,1,27/09/2017,1
212,2,27/09/2017,19
212,3,27/09/2017,4
212,4,27/09/2017,4
212,5,27/09/2017,5
212,6,27/09/2017,70
212,7,27/09/2017,20
212,8,27/09/2017,SI
212,9,27/09/2017,3
213,1,16/10/2017,5
213,2,16/10/2017,20
213,3,16/10/2017,17
213,4,16/10/2017,0
213,5,16/10/2017,5
213,6,16/10/2017,38
213,7,16/10/2017,33
213,8,16/10/2017,NO
213,9,16/10/2017,
214,1,07/10/2017,5
214,2,07/10/2017,15
214,3,07/10/2017,2
214,4,07/10/2017,4
214,5,07/10/2017,5
214,6,07/10/2017,79
214,7,07/10/2017,65
214,8,07/10/2017,SI
214,9,07/10/2017,1
215,1,23/10/2017,4
215,2,23/10/2017,56
215,3,23/10/2017,41
215,4,23/10/2017,4
215,5,23/10/2017,2
215,6,23/10/2017,75
215,7,23/10/2017,27
215,8,23/10/2017,SI
215,9,23/10/2017,2
216,1,19/11/2017,5
216,2,19/11/2017,42
216,3,19/11/2017,3
216,4,19/11/2017,7
216,5,19/11/2017,5
216,6,19/11/2017,93
216,7,19/11/2017,58
216,8,19/11/2017,SI
216,9,19/11/2017,2
217,1,12/11/2017,4
217,2,12/11/2017,25
217,3,12/11/2017,9
217,4,12/11/2017,15
217,5,12/11/2017,2
217,6,12/11/2017,82
217,7,12/11/2017,42
217,8,12/11/2017,NO
217,9,12/11/2017,
218,1,25/12/2017,3
218,2,25/12/2017,5
218,3,25/12/2017,3
218,4,25/12/2017,1
218,5,25/12/2017,3
218,6,25/12/2017,53
218,7,25/12/2017,43
218,8,25/12/2017,NO
218,9,25/12/2017,
219,1,05/10/2017,3
219,2,05/10/2017,57
219,3,05/10/2017,4
219,4,05/10/2017,15
219,5,05/10/2017,2
219,6,05/10/2017,12
219,7,05/10/2017,2
219,8,05/10/2017,SI
219,9,05/10/2017,2
220,1,16/11/2017,3
220,2,16/11/2017,33
220,3,16/11/2017,10
220,4,16/11/2017,22
220,5,16/11/2017,1
220,6,16/11/2017,40
220,7,16/11/2017,12
220,8,16/11/2017,SI
220,9,16/11/2017,2
221,1,27/09/2017,1
221,2,27/09/2017,78
221,3,27/09/2017,46
221,4,27/09/2017,13
221,5,27/09/2017,2
221,6,27/09/2017,74
221,7,27/09/2017,17
221,8,27/09/2017,NO
221,9,27/09/2017,
222,1,26/10/2017,3
222,2,26/10/2017,11
222,3,26/10/2017,2
222,4,26/10/2017,9
222,5,26/10/2017,3
222,6,26/10/2017,93
222,7,26/10/2017,68
222,8,26/10/2017,SI
222,9,26/10/2017,2
223,1,06/11/2017,4
223,2,06/11/2017,31
223,3,06/11/2017,20
223,4,06/11/2017,1
223,5,06/11/2017,3
223,6,06/11/2017,9
223,7,06/11/2017,8
223,8,06/11/2017,SI
223,9,06/11/2017,3
224,1,15/11/2017,2
224,2,15/11/2017,69
224,3,15/11/2017,11
224,4,15/11/2017,15
224,5,15/11/2017,4
224,6,15/11/2017,10
224,7,15/11/2017,0
224,8,15/11/2017,NO
224,9,15/11/2017,
225,1,01/12/2017,4
225,2,01/12/2017,70
225,3,01/12/2017,65
225,4,01/12/2017,3
225,5,01/12/2017,2
225,6,01/12/2017,38
225,7,01/12/2017,1
225,8,01/12/2017,SI
225,9,01/12/2017,4
226,1,15/11/2017,4
226,2,15/11/2017,54
226,3,15/11/2017,51
226,4,15/11/2017,1
226,5,15/11/2017,3
226,6,15/11/2017,23
226,7,15/11/2017,21
226,8,15/11/2017,SI
226,9,15/11/2017,3
227,1,28/11/2017,5
227,2,28/11/2017,48
227,3,28/11/2017,13
227,4,28/11/2017,31
227,5,28/11/2017,2
227,6,28/11/2017,91
227,7,28/11/2017,13
227,8,28/11/2017,SI
227,9,28/11/2017,1
228,1,13/12/2017,1
228,2,13/12/2017,70
228,3,13/12/2017,8
228,4,13/12/2017,45
228,5,13/12/2017,4
228,6,13/12/2017,48
228,7,13/12/2017,35
228,8,13/12/2017,SI
228,9,13/12/2017,1
229,1,24/12/2017,2
229,2,24/12/2017,72
229,3,24/12/2017,4
229,4,24/12/2017,9
229,5,24/12/2017,3
229,6,24/12/2017,15
229,7,24/12/2017,8
229,8,24/12/2017,NO
229,9,24/12/2017,
230,1,07/11/2017,5
230,2,07/11/2017,25
230,3,07/11/2017,7
230,4,07/11/2017,12
230,5,07/11/2017,2
230,6,07/11/2017,95
230,7,07/11/2017,34
230,8,07/11/2017,NO
230,9,07/11/2017,
231,1,29/11/2017,5
231,2,29/11/2017,18
231,3,29/11/2017,8
231,4,29/11/2017,7
231,5,29/11/2017,5
231,6,29/11/2017,28
231,7,29/11/2017,25
231,8,29/11/2017,NO
231,9,29/11/2017,
232,1,22/10/2017,1
232,2,22/10/2017,28
232,3,22/10/2017,12
232,4,22/10/2017,16
232,5,22/10/2017,2
232,6,22/10/2017,39
232,7,22/10/2017,12
232,8,22/10/2017,SI
232,9,22/10/2017,1
233,1,24/10/2017,1
233,2,24/10/2017,76
233,3,24/10/2017,32
233,4,24/10/2017,8
233,5,24/10/2017,1
233,6,24/10/2017,62
233,7,24/10/2017,52
233,8,24/10/2017,NO
233,9,24/10/2017,
234,1,26/11/2017,5
234,2,26/11/2017,64
234,3,26/11/2017,45
234,4,26/11/2017,17
234,5,26/11/2017,1
234,6,26/11/2017,76
234,7,26/11/2017,13
234,8,26/11/2017,SI
234,9,26/11/2017,1
235,1,21/10/2017,1
235,2,21/10/2017,56
235,3,21/10/2017,51
235,4,21/10/2017,0
235,5,21/10/2017,1
235,6,21/10/2017,84
235,7,21/10/2017,65
235,8,21/10/2017,SI
235,9,21/10/2017,5
236,1,29/11/2017,4
236,2,29/11/2017,77
236,3,29/11/2017,65
236,4,29/11/2017,4
236,5,29/11/2017,1
236,6,29/11/2017,96
236,7,29/11/2017,38
236,8,29/11/2017,NO
236,9,29/11/2017,
237,1,18/10/2017,2
237,2,18/10/2017,85
237,3,18/10/2017,1
237,4,18/10/2017,18
237,5,18/10/2017,5
237,6,18/10/2017,38
237,7,18/10/2017,16
237,8,18/10/2017,NO
237,9,18/10/2017,
238,1,04/10/2017,5
238,2,04/10/2017,78
238,3,04/10/2017,25
238,4,04/10/2017,21
238,5,04/10/2017,1
238,6,04/10/2017,74
238,7,04/10/2017,60
238,8,04/10/2017,NO
238,9,04/10/2017,
239,1,04/11/2017,1
239,2,04/11/2017,42
239,3,04/11/2017,35
239,4,04/11/2017,7
239,5,04/11/2017,2
239,6,04/11/2017,27
239,7,04/11/2017,19
239,8,04/11/2017,NO
239,9,04/11/2017,
240,1,06/11/2017,4
240,2,06/11/2017,36
240,3,06/11/2017,17
240,4,06/11/2017,14
240,5,06/11/2017,1
240,6,06/11/2017,86
240,7,06/11/2017,54
240,8,06/11/2017,NO
240,9,06/11/2017,
241,1,22/11/2017,5
241,2,22/11/2017,66
241,3,22/11/2017,49
241,4,22/11/2017,7
241,5,22/11/2017,1
241,6,22/11/2017,42
241,7,22/11/2017,28
241,8,22/11/2017,SI
241,9,22/11/2017,2
242,1,16/11/2017,5
242,2,16/11/2017,68
242,3,16/11/2017,56
242,4,16/11/2017,9
242,5,16/11/2017,2
242,6,16/11/2017,39
242,7,16/11/2017,28
242,8,16/11/2017,SI
242,9,16/11/2017,2
243,1,16/10/2017,2
243,2,16/10/2017,38
243,3,16/10/2017,34
243,4,16/10/2017,1
243,5,16/10/2017,5
243,6,16/10/2017,70
243,7,16/10/2017,8
243,8,16/10/2017,NO
243,9,16/10/2017,
244,1,01/12/2017,2
244,2,01/12/2017,47
244,3,01/12/2017,38
244,4,01/12/2017,4
244,5,01/12/2017,2
244,6,01/12/2017,28
244,7,01/12/2017,6
244,8,01/12/2017,SI
244,9,01/12/2017,4
245,1,27/09/2017,1
245,2,27/09/2017,1
245,3,27/09/2017,0
245,4,27/09/2017,1
245,5,27/09/2017,3
245,6,27/09/2017,82
245,7,27/09/2017,73
245,8,27/09/2017,SI
245,9,27/09/2017,5
246,1,27/11/2017,5
246,2,27/11/2017,33
246,3,27/11/2017,7
246,4,27/11/2017,8
246,5,27/11/2017,1
246,6,27/11/2017,55
246,7,27/11/2017,9
246,8,27/11/2017,NO
246,9,27/11/2017,
247,1,06/10/2017,3
247,2,06/10/2017,96
247,3,06/10/2017,40
247,4,06/10/2017,44
247,5,06/10/2017,3
247,6,06/10/2017,6
247,7,06/10/2017,6
247,8,06/10/2017,SI
247,9,06/10/2017,3
248,1,10/12/2017,5
248,2,10/12/2017,28
248,3,10/12/2017,22
248,4,10/12/2017,1
248,5,10/12/2017,4
248,6,10/12/2017,78
248,7,10/12/2017,15
248,8,10/12/2017,SI
248,9,10/12/2017,5
249,1,30/10/2017,4
249,2,30/10/2017,34
249,3,30/10/2017,14
249,4,30/10/2017,17
249,5,30/10/2017,5
249,6,30/10/2017,66
249,7,30/10/2017,3
249,8,30/10/2017,NO
249,9,30/10/2017,
250,1,18/11/2017,1
250,2,18/11/2017,63
250,3,18/11/2017,48
250,4,18/11/2017,15
250,5,18/11/2017,2
250,6,18/11/2017,61
250,7,18/11/2017,24
250,8,18/11/2017,NO
250,9,18/11/2017,
251,1,03/12/2017,5
251,2,03/12/2017,79
251,3,03/12/2017,46
251,4,03/12/2017,29
251,5,03/12/2017,2
251,6,03/12/2017,39
251,7,03/12/2017,0
251,8,03/12/2017,SI
251,9,03/12/2017,1
252,1,12/11/2017,1
252,2,12/11/2017,57
252,3,12/11/2017,30
252,4,12/11/2017,2
252,5,12/11/2017,2
252,6,12/11/2017,62
252,7,12/11/2017,28
252,8,12/11/2017,NO
252,9,12/11/2017,
253,1,14/11/2017,4
253,2,14/11/2017,29
253,3,14/11/2017,3
253,4,14/11/2017,24
253,5,14/11/2017,1
253,6,14/11/2017,1
253,7,14/11/2017,0
253,8,14/11/2017,SI
253,9,14/11/2017,3
254,1,17/11/2017,4
254,2,17/11/2017,5
254,3,17/11/2017,2
254,4,17/11/2017,1
254,5,17/11/2017,2
254,6,17/11/2017,62
254,7,17/11/2017,10
254,8,17/11/2017,SI
254,9,17/11/2017,2
255,1,13/11/2017,3
255,2,13/11/2017,38
255,3,13/11/2017,27
255,4,13/11/2017,6
255,5,13/11/2017,4
255,6,13/11/2017,71
255,7,13/11/2017,38
255,8,13/11/2017,NO
255,9,13/11/2017,
256,1,15/12/2017,5
256,2,15/12/2017,41
256,3,15/12/2017,23
256,4,15/12/2017,5
256,5,15/12/2017,3
256,6,15/12/2017,87
256,7,15/12/2017,38
256,8,15/12/2017,NO
256,9,15/12/2017,
257,1,19/12/2017,3
257,2,19/12/2017,14
257,3,19/12/2017,8
257,4,19/12/2017,6
257,5,19/12/2017,4
257,6,19/12/2017,34
257,7,19/12/2017,5
257,8,19/12/2017,NO
257,9,19/12/2017,
258,1,09/12/2017,5
258,2,09/12/2017,98
258,3,09/12/2017,17
258,4,09/12/2017,55
258,5,09/12/2017,5
258,6,09/12/2017,44
258,7,09/12/2017,31
258,8,09/12/2017,SI
258,9,09/12/2017,3
259,1,27/10/2017,2
259,2,27/10/2017,95
259,3,27/10/2017,9
259,4,27/10/2017,59
259,5,27/10/2017,1
259,6,27/10/2017,0
259,7,27/10/2017,0
259,8,27/10/2017,NO
259,9,27/10/2017,
260,1,25/12/2017,4
260,2,25/12/2017,93
260,3,25/12/2017,67
260,4,25/12/2017,0
260,5,25/12/2017,3
260,6,25/12/2017,85
260,7,25/12/2017,25
260,8,25/12/2017,NO
260,9,25/12/2017,
261,1,21/12/2017,4
261,2,21/12/2017,9
261,3,21/12/2017,0
261,4,21/12/2017,7
261,5,21/12/2017,2
261,6,21/12/2017,21
261,7,21/12/2017,10
261,8,21/12/2017,NO
261,9,21/12/2017,
262,1,25/10/2017,1
262,2,25/10/2017,81
262,3,25/10/2017,0
262,4,25/10/2017,71
262,5,25/10/2017,2
262,6,25/10/2017,1
262,7,25/10/2017,1
262,8,25/10/2017,NO
262,9,25/10/2017,
263,1,26/10/2017,2
263,2,26/10/2017,34
263,3,26/10/2017,10
263,4,26/10/2017,8
263,5,26/10/2017,3
263,6,26/10/2017,32
263,7,26/10/2017,31
263,8,26/10/2017,NO
263,9,26/10/2017,
264,1,13/11/2017,3
264,2,13/11/2017,86
264,3,13/11/2017,11
264,4,13/11/2017,26
264,5,13/11/2017,5
264,6,13/11/2017,64
264,7,13/11/2017,39
264,8,13/11/2017,NO
264,9,13/11/2017,
265,1,03/12/2017,5
265,2,03/12/2017,62
265,3,03/12/2017,17
265,4,03/12/2017,20
265,5,03/12/2017,2
265,6,03/12/2017,79
265,7,03/12/2017,66
265,8,03/12/2017,SI
265,9,03/12/2017,5
266,1,11/10/2017,5
266,2,11/10/2017,47
266,3,11/10/2017,31
266,4,11/10/2017,12
266,5,11/10/2017,5
266,6,11/10/2017,3
266,7,11/10/2017,0
266,8,11/10/2017,NO
266,9,11/10/2017,
267,1,24/12/2017,3
267,2,24/12/2017,42
267,3,24/12/2017,10
267,4,24/12/2017,28
267,5,24/12/2017,1
267,6,24/12/2017,9
267,7,24/12/2017,6
267,8,24/12/2017,NO
267,9,24/12/2017,
268,1,10/12/2017,1
268,2,10/12/2017,50
268,3,10/12/2017,28
268,4,10/12/2017,14
268,5,10/12/2017,2
268,6,10/12/2017,11
268,7,10/12/2017,0
268,8,10/12/2017,NO
268,9,10/12/2017,
269,1,05/10/2017,3
269,2,05/10/2017,14
269,3,05/10/2017,9
269,4,05/10/2017,4
269,5,05/10/2017,5
269,6,05/10/2017,20
269,7,05/10/2017,17
269,8,05/10/2017,NO
269,9,05/10/2017,
270,1,20/12/2017,3
270,2,20/12/2017,2
270,3,20/12/2017,1
270,4,20/12/2017,0
270,5,20/12/2017,5
270,6,20/12/2017,13
270,7,20/12/2017,4
270,8,20/12/2017,SI
270,9,20/12/2017,5
271,1,14/12/2017,1
271,2,14/12/2017,65
271,3,14/12/2017,2
271,4,14/12/2017,26
271,5,14/12/2017,5
271,6,14/12/2017,79
271,7,14/12/2017,8
271,8,14/12/2017,NO
271,9,14/12/2017,
272,1,05/12/2017,1
272,2,05/12/2017,99
272,3,05/12/2017,77
272,4,05/12/2017,19
272,5,05/12/2017,5
272,6,05/12/2017,56
272,7,05/12/2017,39
272,8,05/12/2017,SI
272,9,05/12/2017,4
273,1,22/10/2017,5
273,2,22/10/2017,80
273,3,22/10/2017,61
273,4,22/10/2017,14
273,5,22/10/2017,1
273,6,22/10/2017,74
273,7,22/10/2017,17
273,8,22/10/2017,SI
273,9,22/10/2017,3
274,1,10/11/2017,1
274,2,10/11/2017,66
274,3,10/11/2017,28
274,4,10/11/2017,23
274,5,10/11/2017,4
274,6,10/11/2017,33
274,7,10/11/2017,30
274,8,10/11/2017,SI
274,9,10/11/2017,5
275,1,14/12/2017,1
275,2,14/12/2017,29
275,3,14/12/2017,29
275,4,14/12/2017,0
275,5,14/12/2017,2
275,6,14/12/2017,82
275,7,14/12/2017,78
275,8,14/12/2017,NO
275,9,14/12/2017,
276,1,24/10/2017,4
276,2,24/10/2017,79
276,3,24/10/2017,73
276,4,24/10/2017,3
276,5,24/10/2017,2
276,6,24/10/2017,11
276,7,24/10/2017,6
276,8,24/10/2017,NO
276,9,24/10/2017,
277,1,05/11/2017,4
277,2,05/11/2017,78
277,3,05/11/2017,40
277,4,05/11/2017,14
277,5,05/11/2017,2
277,6,05/11/2017,15
277,7,05/11/2017,11
277,8,05/11/2017,SI
277,9,05/11/2017,1
278,1,28/09/2017,1
278,2,28/09/2017,17
278,3,28/09/2017,5
278,4,28/09/2017,5
278,5,28/09/2017,3
278,6,28/09/2017,46
278,7,28/09/2017,15
278,8,28/09/2017,SI
278,9,28/09/2017,2
279,1,10/10/2017,3
279,2,10/10/2017,26
279,3,10/10/2017,5
279,4,10/10/2017,11
279,5,10/10/2017,5
279,6,10/10/2017,42
279,7,10/10/2017,26
279,8,10/10/2017,NO
279,9,10/10/2017,
280,1,30/11/2017,4
280,2,30/11/2017,39
280,3,30/11/2017,31
280,4,30/11/2017,3
280,5,30/11/2017,2
280,6,30/11/2017,12
280,7,30/11/2017,6
280,8,30/11/2017,NO
280,9,30/11/2017,
281,1,25/10/2017,1
281,2,25/10/2017,58
281,3,25/10/2017,46
281,4,25/10/2017,7
281,5,25/10/2017,2
281,6,25/10/2017,11
281,7,25/10/2017,11
281,8,25/10/2017,SI
281,9,25/10/2017,5
282,1,07/10/2017,3
282,2,07/10/2017,70
282,3,07/10/2017,38
282,4,07/10/2017,22
282,5,07/10/2017,1
282,6,07/10/2017,25
282,7,07/10/2017,14
282,8,07/10/2017,SI
282,9,07/10/2017,5
283,1,16/12/2017,4
283,2,16/12/2017,38
283,3,16/12/2017,1
283,4,16/12/2017,17
283,5,16/12/2017,4
283,6,16/12/2017,45
283,7,16/12/2017,42
283,8,16/12/2017,SI
283,9,16/12/2017,2
284,1,24/11/2017,1
284,2,24/11/2017,52
284,3,24/11/2017,6
284,4,24/11/2017,5
284,5,24/11/2017,1
284,6,24/11/2017,62
284,7,24/11/2017,18
284,8,24/11/2017,SI
284,9,24/11/2017,4
285,1,21/11/2017,5
285,2,21/11/2017,54
285,3,21/11/2017,6
285,4,21/11/2017,26
285,5,21/11/2017,5
285,6,21/11/2017,52
285,7,21/11/2017,35
285,8,21/11/2017,SI
285,9,21/11/2017,1
286,1,14/10/2017,4
286,2,14/10/2017,15
286,3,14/10/2017,4
286,4,14/10/2017,10
286,5,14/10/2017,1
286,6,14/10/2017,95
286,7,14/10/2017,81
286,8,14/10/2017,SI
286,9,14/10/2017,4
287,1,11/10/2017,2
287,2,11/10/2017,66
287,3,11/10/2017,30
287,4,11/10/2017,31
287,5,11/10/2017,5
287,6,11/10/2017,98
287,7,11/10/2017,18
287,8,11/10/2017,SI
287,9,11/10/2017,2
288,1,05/01/2018,5
288,2,05/01/2018,8
288,3,05/01/2018,3
288,4,05/01/2018,1
288,5,05/01/2018,5
288,6,05/01/2018,21
288,7,05/01/2018,10
288,8,05/01/2018,NO
288,9,05/01/2018,
289,1,16/03/2018,4
289,2,16/03/2018,3
289,3,16/03/2018,3
289,4,16/03/2018,0
289,5,16/03/2018,1
289,6,16/03/2018,52
289,7,16/03/2018,47
289,8,16/03/2018,NO
289,9,16/03/2018,
290,1,21/02/2018,4
290,2,21/02/2018,99
290,3,21/02/2018,14
290,4,21/02/2018,83
290,5,21/02/2018,3
290,6,21/02/2018,41
290,7,21/02/2018,20
290,8,21/02/2018,NO
290,9,21/02/2018,
291,1,07/02/2018,3
291,2,07/02/2018,4
291,3,07/02/2018,4
291,4,07/02/2018,0
291,5,07/02/2018,1
291,6,07/02/2018,64
291,7,07/02/2018,27
291,8,07/02/2018,SI
291,9,07/02/2018,5
292,1,17/03/2018,2
292,2,17/03/2018,22
292,3,17/03/2018,21
292,4,17/03/2018,1
292,5,17/03/2018,3
292,6,17/03/2018,46
292,7,17/03/2018,15
292,8,17/03/2018,SI
292,9,17/03/2018,4
293,1,12/01/2018,1
293,2,12/01/2018,1
293,3,12/01/2018,0
293,4,12/01/2018,1
293,5,12/01/2018,3
293,6,12/01/2018,43
293,7,12/01/2018,5
293,8,12/01/2018,NO
293,9,12/01/2018,
294,1,08/01/2018,3
294,2,08/01/2018,73
294,3,08/01/2018,53
294,4,08/01/2018,9
294,5,08/01/2018,1
294,6,08/01/2018,41
294,7,08/01/2018,4
294,8,08/01/2018,SI
294,9,08/01/2018,1
295,1,09/03/2018,2
295,2,09/03/2018,83
295,3,09/03/2018,42
295,4,09/03/2018,9
295,5,09/03/2018,5
295,6,09/03/2018,41
295,7,09/03/2018,15
295,8,09/03/2018,SI
295,9,09/03/2018,3
296,1,11/03/2018,3
296,2,11/03/2018,50
296,3,11/03/2018,41
296,4,11/03/2018,5
296,5,11/03/2018,5
296,6,11/03/2018,19
296,7,11/03/2018,11
296,8,11/03/2018,NO
296,9,11/03/2018,
297,1,01/03/2018,3
297,2,01/03/2018,49
297,3,01/03/2018,21
297,4,01/03/2018,9
297,5,01/03/2018,2
297,6,01/03/2018,31
297,7,01/03/2018,8
297,8,01/03/2018,NO
297,9,01/03/2018,
298,1,02/03/2018,5
298,2,02/03/2018,8
298,3,02/03/2018,7
298,4,02/03/2018,0
298,5,02/03/2018,2
298,6,02/03/2018,38
298,7,02/03/2018,38
298,8,02/03/2018,NO
298,9,02/03/2018,
299,1,16/02/2018,1
299,2,16/02/2018,87
299,3,16/02/2018,35
299,4,16/02/2018,37
299,5,16/02/2018,5
299,6,16/02/2018,24
299,7,16/02/2018,24
299,8,16/02/2018,NO
299,9,16/02/2018,
300,1,03/03/2018,5
300,2,03/03/2018,38
300,3,03/03/2018,13
300,4,03/03/2018,10
300,5,03/03/2018,2
300,6,03/03/2018,15
300,7,03/03/2018,2
300,8,03/03/2018,SI
300,9,03/03/2018,1
301,1,13/01/2018,2
301,2,13/01/2018,14
301,3,13/01/2018,8
301,4,13/01/2018,5
301,5,13/01/2018,3
301,6,13/01/2018,79
301,7,13/01/2018,40
301,8,13/01/2018,NO
301,9,13/01/2018,
302,1,25/02/2018,1
302,2,25/02/2018,94
302,3,25/02/2018,4
302,4,25/02/2018,32
302,5,25/02/2018,1
302,6,25/02/2018,6
302,7,25/02/2018,4
302,8,25/02/2018,SI
302,9,25/02/2018,5
303,1,03/02/2018,3
303,2,03/02/2018,92
303,3,03/02/2018,0
303,4,03/02/2018,68
303,5,03/02/2018,3
303,6,03/02/2018,81
303,7,03/02/2018,14
303,8,03/02/2018,NO
303,9,03/02/2018,
304,1,20/03/2018,5
304,2,20/03/2018,75
304,3,20/03/2018,50
304,4,20/03/2018,3
304,5,20/03/2018,1
304,6,20/03/2018,9
304,7,20/03/2018,1
304,8,20/03/2018,NO
304,9,20/03/2018,
305,1,21/01/2018,5
305,2,21/01/2018,6
305,3,21/01/2018,0
305,4,21/01/2018,0
305,5,21/01/2018,1
305,6,21/01/2018,90
305,7,21/01/2018,7
305,8,21/01/2018,NO
305,9,21/01/2018,
306,1,21/02/2018,2
306,2,21/02/2018,37
306,3,21/02/2018,27
306,4,21/02/2018,4
306,5,21/02/2018,5
306,6,21/02/2018,12
306,7,21/02/2018,1
306,8,21/02/2018,SI
306,9,21/02/2018,4
307,1,13/01/2018,3
307,2,13/01/2018,3
307,3,13/01/2018,1
307,4,13/01/2018,2
307,5,13/01/2018,4
307,6,13/01/2018,25
307,7,13/01/2018,0
307,8,13/01/2018,NO
307,9,13/01/2018,
308,1,05/01/2018,1
308,2,05/01/2018,77
308,3,05/01/2018,43
308,4,05/01/2018,25
308,5,05/01/2018,3
308,6,05/01/2018,43
308,7,05/01/2018,15
308,8,05/01/2018,NO
308,9,05/01/2018,
309,1,28/01/2018,5
309,2,28/01/2018,58
309,3,28/01/2018,51
309,4,28/01/2018,1
309,5,28/01/2018,4
309,6,28/01/2018,63
309,7,28/01/2018,4
309,8,28/01/2018,NO
309,9,28/01/2018,
310,1,09/03/2018,3
310,2,09/03/2018,64
310,3,09/03/2018,13
310,4,09/03/2018,49
310,5,09/03/2018,4
310,6,09/03/2018,73
310,7,09/03/2018,50
310,8,09/03/2018,SI
310,9,09/03/2018,1
311,1,15/02/2018,5
311,2,15/02/2018,27
311,3,15/02/2018,27
311,4,15/02/2018,0
311,5,15/02/2018,5
311,6,15/02/2018,70
311,7,15/02/2018,69
311,8,15/02/2018,NO
311,9,15/02/2018,
312,1,28/12/2017,4
312,2,28/12/2017,32
312,3,28/12/2017,0
312,4,28/12/2017,15
312,5,28/12/2017,1
312,6,28/12/2017,31
312,7,28/12/2017,4
312,8,28/12/2017,NO
312,9,28/12/2017,
313,1,05/02/2018,3
313,2,05/02/2018,2
313,3,05/02/2018,0
313,4,05/02/2018,0
313,5,05/02/2018,5
313,6,05/02/2018,7
313,7,05/02/2018,2
313,8,05/02/2018,SI
313,9,05/02/2018,4
314,1,01/01/2018,5
314,2,01/01/2018,46
314,3,01/01/2018,44
314,4,01/01/2018,2
314,5,01/01/2018,5
314,6,01/01/2018,0
314,7,01/01/2018,0
314,8,01/01/2018,SI
314,9,01/01/2018,3
315,1,01/01/2018,4
315,2,01/01/2018,56
315,3,01/01/2018,11
315,4,01/01/2018,20
315,5,01/01/2018,4
315,6,01/01/2018,14
315,7,01/01/2018,0
315,8,01/01/2018,NO
315,9,01/01/2018,
316,1,13/01/2018,3
316,2,13/01/2018,93
316,3,13/01/2018,40
316,4,13/01/2018,20
316,5,13/01/2018,2
316,6,13/01/2018,29
316,7,13/01/2018,29
316,8,13/01/2018,SI
316,9,13/01/2018,4
317,1,02/01/2018,1
317,2,02/01/2018,10
317,3,02/01/2018,0
317,4,02/01/2018,4
317,5,02/01/2018,5
317,6,02/01/2018,83
317,7,02/01/2018,45
317,8,02/01/2018,NO
317,9,02/01/2018,
318,1,10/03/2018,5
318,2,10/03/2018,96
318,3,10/03/2018,17
318,4,10/03/2018,43
318,5,10/03/2018,2
318,6,10/03/2018,55
318,7,10/03/2018,12
318,8,10/03/2018,SI
318,9,10/03/2018,3
319,1,30/01/2018,1
319,2,30/01/2018,99
319,3,30/01/2018,2
319,4,30/01/2018,65
319,5,30/01/2018,2
319,6,30/01/2018,18
319,7,30/01/2018,11
319,8,30/01/2018,NO
319,9,30/01/2018,
320,1,27/01/2018,4
320,2,27/01/2018,73
320,3,27/01/2018,52
320,4,27/01/2018,4
320,5,27/01/2018,4
320,6,27/01/2018,8
320,7,27/01/2018,1
320,8,27/01/2018,NO
320,9,27/01/2018,
321,1,11/03/2018,4
321,2,11/03/2018,74
321,3,11/03/2018,6
321,4,11/03/2018,38
321,5,11/03/2018,4
321,6,11/03/2018,32
321,7,11/03/2018,2
321,8,11/03/2018,NO
321,9,11/03/2018,
322,1,31/01/2018,3
322,2,31/01/2018,21
322,3,31/01/2018,6
322,4,31/01/2018,3
322,5,31/01/2018,3
322,6,31/01/2018,97
322,7,31/01/2018,18
322,8,31/01/2018,SI
322,9,31/01/2018,4
323,1,12/01/2018,5
323,2,12/01/2018,13
323,3,12/01/2018,8
323,4,12/01/2018,3
323,5,12/01/2018,3
323,6,12/01/2018,78
323,7,12/01/2018,69
323,8,12/01/2018,NO
323,9,12/01/2018,
324,1,09/02/2018,1
324,2,09/02/2018,70
324,3,09/02/2018,38
324,4,09/02/2018,26
324,5,09/02/2018,2
324,6,09/02/2018,64
324,7,09/02/2018,13
324,8,09/02/2018,NO
324,9,09/02/2018,
325,1,20/01/2018,3
325,2,20/01/2018,69
325,3,20/01/2018,40
325,4,20/01/2018,22
325,5,20/01/2018,1
325,6,20/01/2018,69
325,7,20/01/2018,31
325,8,20/01/2018,NO
325,9,20/01/2018,
326,1,28/01/2018,3
326,2,28/01/2018,61
326,3,28/01/2018,56
326,4,28/01/2018,0
326,5,28/01/2018,1
326,6,28/01/2018,20
326,7,28/01/2018,13
326,8,28/01/2018,SI
326,9,28/01/2018,3
327,1,31/01/2018,4
327,2,31/01/2018,51
327,3,31/01/2018,8
327,4,31/01/2018,39
327,5,31/01/2018,4
327,6,31/01/2018,32
327,7,31/01/2018,28
327,8,31/01/2018,SI
327,9,31/01/2018,3
328,1,31/01/2018,1
328,2,31/01/2018,59
328,3,31/01/2018,12
328,4,31/01/2018,25
328,5,31/01/2018,3
328,6,31/01/2018,29
328,7,31/01/2018,13
328,8,31/01/2018,SI
328,9,31/01/2018,2
329,1,27/12/2017,1
329,2,27/12/2017,95
329,3,27/12/2017,4
329,4,27/12/2017,42
329,5,27/12/2017,1
329,6,27/12/2017,94
329,7,27/12/2017,24
329,8,27/12/2017,NO
329,9,27/12/2017,
330,1,31/12/2017,1
330,2,31/12/2017,19
330,3,31/12/2017,5
330,4,31/12/2017,6
330,5,31/12/2017,4
330,6,31/12/2017,48
330,7,31/12/2017,17
330,8,31/12/2017,SI
330,9,31/12/2017,1
331,1,28/12/2017,2
331,2,28/12/2017,0
331,3,28/12/2017,0
331,4,28/12/2017,0
331,5,28/12/2017,4
331,6,28/12/2017,31
331,7,28/12/2017,19
331,8,28/12/2017,SI
331,9,28/12/2017,2
332,1,29/12/2017,2
332,2,29/12/2017,43
332,3,29/12/2017,5
332,4,29/12/2017,27
332,5,29/12/2017,4
332,6,29/12/2017,40
332,7,29/12/2017,23
332,8,29/12/2017,NO
332,9,29/12/2017,
333,1,16/02/2018,1
333,2,16/02/2018,72
333,3,16/02/2018,46
333,4,16/02/2018,5
333,5,16/02/2018,3
333,6,16/02/2018,91
333,7,16/02/2018,40
333,8,16/02/2018,NO
333,9,16/02/2018,
334,1,29/12/2017,4
334,2,29/12/2017,36
334,3,29/12/2017,12
334,4,29/12/2017,24
334,5,29/12/2017,5
334,6,29/12/2017,89
334,7,29/12/2017,47
334,8,29/12/2017,NO
334,9,29/12/2017,
335,1,20/01/2018,4
335,2,20/01/2018,40
335,3,20/01/2018,14
335,4,20/01/2018,20
335,5,20/01/2018,5
335,6,20/01/2018,64
335,7,20/01/2018,33
335,8,20/01/2018,SI
335,9,20/01/2018,5
336,1,14/01/2018,3
336,2,14/01/2018,38
336,3,14/01/2018,26
336,4,14/01/2018,4
336,5,14/01/2018,5
336,6,14/01/2018,40
336,7,14/01/2018,1
336,8,14/01/2018,NO
336,9,14/01/2018,
337,1,27/02/2018,1
337,2,27/02/2018,53
337,3,27/02/2018,1
337,4,27/02/2018,28
337,5,27/02/2018,1
337,6,27/02/2018,90
337,7,27/02/2018,74
337,8,27/02/2018,NO
337,9,27/02/2018,
338,1,16/03/2018,5
338,2,16/03/2018,82
338,3,16/03/2018,44
338,4,16/03/2018,15
338,5,16/03/2018,4
338,6,16/03/2018,42
338,7,16/03/2018,12
338,8,16/03/2018,NO
338,9,16/03/2018,
339,1,09/03/2018,5
339,2,09/03/2018,1
339,3,09/03/2018,0
339,4,09/03/2018,0
339,5,09/03/2018,2
339,6,09/03/2018,35
339,7,09/03/2018,9
339,8,09/03/2018,SI
339,9,09/03/2018,2
340,1,18/01/2018,3
340,2,18/01/2018,31
340,3,18/01/2018,6
340,4,18/01/2018,17
340,5,18/01/2018,4
340,6,18/01/2018,5
340,7,18/01/2018,0
340,8,18/01/2018,SI
340,9,18/01/2018,2
341,1,07/02/2018,5
341,2,07/02/2018,89
341,3,07/02/2018,48
341,4,07/02/2018,1
341,5,07/02/2018,3
341,6,07/02/2018,91
341,7,07/02/2018,9
341,8,07/02/2018,SI
341,9,07/02/2018,5
342,1,26/02/2018,1
342,2,26/02/2018,98
342,3,26/02/2018,6
342,4,26/02/2018,36
342,5,26/02/2018,1
342,6,26/02/2018,43
342,7,26/02/2018,38
342,8,26/02/2018,SI
342,9,26/02/2018,2
343,1,16/01/2018,5
343,2,16/01/2018,26
343,3,16/01/2018,13
343,4,16/01/2018,13
343,5,16/01/2018,2
343,6,16/01/2018,12
343,7,16/01/2018,2
343,8,16/01/2018,SI
343,9,16/01/2018,1
344,1,13/01/2018,3
344,2,13/01/2018,24
344,3,13/01/2018,14
344,4,13/01/2018,4
344,5,13/01/2018,1
344,6,13/01/2018,87
344,7,13/01/2018,56
344,8,13/01/2018,NO
344,9,13/01/2018,
345,1,01/03/2018,1
345,2,01/03/2018,51
345,3,01/03/2018,29
345,4,01/03/2018,8
345,5,01/03/2018,1
345,6,01/03/2018,59
345,7,01/03/2018,25
345,8,01/03/2018,NO
345,9,01/03/2018,
346,1,10/03/2018,1
346,2,10/03/2018,70
346,3,10/03/2018,36
346,4,10/03/2018,2
346,5,10/03/2018,4
346,6,10/03/2018,36
346,7,10/03/2018,5
346,8,10/03/2018,SI
346,9,10/03/2018,3
347,1,18/01/2018,5
347,2,18/01/2018,100
347,3,18/01/2018,79
347,4,18/01/2018,11
347,5,18/01/2018,1
347,6,18/01/2018,95
347,7,18/01/2018,18
347,8,18/01/2018,NO
347,9,18/01/2018,
348,1,05/03/2018,5
348,2,05/03/2018,80
348,3,05/03/2018,5
348,4,05/03/2018,34
348,5,05/03/2018,2
348,6,05/03/2018,33
348,7,05/03/2018,8
348,8,05/03/2018,SI
348,9,05/03/2018,4
349,1,10/01/2018,4
349,2,10/01/2018,47
349,3,10/01/2018,24
349,4,10/01/2018,19
349,5,10/01/2018,3
349,6,10/01/2018,17
349,7,10/01/2018,2
349,8,10/01/2018,NO
349,9,10/01/2018,
350,1,09/03/2018,5
350,2,09/03/2018,43
350,3,09/03/2018,19
350,4,09/03/2018,21
350,5,09/03/2018,3
350,6,09/03/2018,31
350,7,09/03/2018,4
350,8,09/03/2018,NO
350,9,09/03/2018,
351,1,23/03/2018,5
351,2,23/03/2018,95
351,3,23/03/2018,38
351,4,23/03/2018,42
351,5,23/03/2018,2
351,6,23/03/2018,27
351,7,23/03/2018,10
351,8,23/03/2018,NO
351,9,23/03/2018,
352,1,22/01/2018,4
352,2,22/01/2018,18
352,3,22/01/2018,4
352,4,22/01/2018,5
352,5,22/01/2018,5
352,6,22/01/2018,4
352,7,22/01/2018,3
352,8,22/01/2018,SI
352,9,22/01/2018,5
353,1,29/01/2018,1
353,2,29/01/2018,54
353,3,29/01/2018,48
353,4,29/01/2018,0
353,5,29/01/2018,5
353,6,29/01/2018,35
353,7,29/01/2018,0
353,8,29/01/2018,SI
353,9,29/01/2018,3
354,1,06/02/2018,3
354,2,06/02/2018,5
354,3,06/02/2018,3
354,4,06/02/2018,2
354,5,06/02/2018,3
354,6,06/02/2018,46
354,7,06/02/2018,6
354,8,06/02/2018,SI
354,9,06/02/2018,2
355,1,17/02/2018,5
355,2,17/02/2018,68
355,3,17/02/2018,2
355,4,17/02/2018,59
355,5,17/02/2018,1
355,6,17/02/2018,21
355,7,17/02/2018,17
355,8,17/02/2018,SI
355,9,17/02/2018,3
356,1,31/12/2017,1
356,2,31/12/2017,72
356,3,31/12/2017,15
356,4,31/12/2017,34
356,5,31/12/2017,4
356,6,31/12/2017,7
356,7,31/12/2017,2
356,8,31/12/2017,SI
356,9,31/12/2017,5
357,1,27/01/2018,1
357,2,27/01/2018,95
357,3,27/01/2018,43
357,4,27/01/2018,12
357,5,27/01/2018,4
357,6,27/01/2018,88
357,7,27/01/2018,2
357,8,27/01/2018,SI
357,9,27/01/2018,3
358,1,02/01/2018,4
358,2,02/01/2018,19
358,3,02/01/2018,10
358,4,02/01/2018,4
358,5,02/01/2018,3
358,6,02/01/2018,6
358,7,02/01/2018,1
358,8,02/01/2018,NO
358,9,02/01/2018,
359,1,30/12/2017,2
359,2,30/12/2017,67
359,3,30/12/2017,7
359,4,30/12/2017,2
359,5,30/12/2017,3
359,6,30/12/2017,88
359,7,30/12/2017,49
359,8,30/12/2017,SI
359,9,30/12/2017,2
360,1,05/01/2018,4
360,2,05/01/2018,18
360,3,05/01/2018,18
360,4,05/01/2018,0
360,5,05/01/2018,4
360,6,05/01/2018,1
360,7,05/01/2018,0
360,8,05/01/2018,NO
360,9,05/01/2018,
361,1,12/02/2018,4
361,2,12/02/2018,31
361,3,12/02/2018,11
361,4,12/02/2018,15
361,5,12/02/2018,5
361,6,12/02/2018,13
361,7,12/02/2018,6
361,8,12/02/2018,SI
361,9,12/02/2018,2
362,1,03/03/2018,3
362,2,03/03/2018,0
362,3,03/03/2018,0
362,4,03/03/2018,0
362,5,03/03/2018,5
362,6,03/03/2018,63
362,7,03/03/2018,44
362,8,03/03/2018,SI
362,9,03/03/2018,2
363,1,10/02/2018,5
363,2,10/02/2018,20
363,3,10/02/2018,19
363,4,10/02/2018,1
363,5,10/02/2018,4
363,6,10/02/2018,98
363,7,10/02/2018,44
363,8,10/02/2018,NO
363,9,10/02/2018,
364,1,04/01/2018,2
364,2,04/01/2018,51
364,3,04/01/2018,43
364,4,04/01/2018,4
364,5,04/01/2018,5
364,6,04/01/2018,15
364,7,04/01/2018,5
364,8,04/01/2018,NO
364,9,04/01/2018,
365,1,09/01/2018,4
365,2,09/01/2018,20
365,3,09/01/2018,20
365,4,09/01/2018,0
365,5,09/01/2018,3
365,6,09/01/2018,53
365,7,09/01/2018,12
365,8,09/01/2018,SI
365,9,09/01/2018,3
366,1,23/01/2018,3
366,2,23/01/2018,99
366,3,23/01/2018,80
366,4,23/01/2018,14
366,5,23/01/2018,4
366,6,23/01/2018,41
366,7,23/01/2018,34
366,8,23/01/2018,NO
366,9,23/01/2018,
367,1,21/03/2018,2
367,2,21/03/2018,9
367,3,21/03/2018,9
367,4,21/03/2018,0
367,5,21/03/2018,2
367,6,21/03/2018,51
367,7,21/03/2018,15
367,8,21/03/2018,NO
367,9,21/03/2018,
368,1,17/03/2018,1
368,2,17/03/2018,16
368,3,17/03/2018,14
368,4,17/03/2018,0
368,5,17/03/2018,3
368,6,17/03/2018,91
368,7,17/03/2018,40
368,8,17/03/2018,SI
368,9,17/03/2018,4
369,1,21/01/2018,4
369,2,21/01/2018,24
369,3,21/01/2018,5
369,4,21/01/2018,7
369,5,21/01/2018,3
369,6,21/01/2018,12
369,7,21/01/2018,4
369,8,21/01/2018,NO
369,9,21/01/2018,
370,1,28/12/2017,1
370,2,28/12/2017,11
370,3,28/12/2017,8
370,4,28/12/2017,2
370,5,28/12/2017,2
370,6,28/12/2017,64
370,7,28/12/2017,39
370,8,28/12/2017,NO
370,9,28/12/2017,
371,1,04/03/2018,5
371,2,04/03/2018,22
371,3,04/03/2018,5
371,4,04/03/2018,3
371,5,04/03/2018,5
371,6,04/03/2018,12
371,7,04/03/2018,8
371,8,04/03/2018,SI
371,9,04/03/2018,4
372,1,20/02/2018,4
372,2,20/02/2018,16
372,3,20/02/2018,4
372,4,20/02/2018,2
372,5,20/02/2018,4
372,6,20/02/2018,38
372,7,20/02/2018,35
372,8,20/02/2018,NO
372,9,20/02/2018,
373,1,29/12/2017,2
373,2,29/12/2017,61
373,3,29/12/2017,6
373,4,29/12/2017,48
373,5,29/12/2017,3
373,6,29/12/2017,55
373,7,29/12/2017,19
373,8,29/12/2017,SI
373,9,29/12/2017,5
374,1,24/02/2018,2
374,2,24/02/2018,58
374,3,24/02/2018,40
374,4,24/02/2018,0
374,5,24/02/2018,2
374,6,24/02/2018,38
374,7,24/02/2018,19
374,8,24/02/2018,SI
374,9,24/02/2018,2
375,1,09/01/2018,1
375,2,09/01/2018,35
375,3,09/01/2018,0
375,4,09/01/2018,19
375,5,09/01/2018,5
375,6,09/01/2018,4
375,7,09/01/2018,1
375,8,09/01/2018,NO
375,9,09/01/2018,
376,1,07/03/2018,4
376,2,07/03/2018,31
376,3,07/03/2018,9
376,4,07/03/2018,12
376,5,07/03/2018,4
376,6,07/03/2018,19
376,7,07/03/2018,8
376,8,07/03/2018,NO
376,9,07/03/2018,
377,1,03/02/2018,5
377,2,03/02/2018,77
377,3,03/02/2018,22
377,4,03/02/2018,30
377,5,03/02/2018,5
377,6,03/02/2018,93
377,7,03/02/2018,5
377,8,03/02/2018,NO
377,9,03/02/2018,
378,1,17/01/2018,1
378,2,17/01/2018,57
378,3,17/01/2018,34
378,4,17/01/2018,15
378,5,17/01/2018,1
378,6,17/01/2018,62
378,7,17/01/2018,19
378,8,17/01/2018,SI
378,9,17/01/2018,4
379,1,26/02/2018,5
379,2,26/02/2018,8
379,3,26/02/2018,7
379,4,26/02/2018,1
379,5,26/02/2018,5
379,6,26/02/2018,80
379,7,26/02/2018,66
379,8,26/02/2018,SI
379,9,26/02/2018,4
380,1,14/01/2018,5
380,2,14/01/2018,80
380,3,14/01/2018,29
380,4,14/01/2018,10
380,5,14/01/2018,5
380,6,14/01/2018,7
380,7,14/01/2018,4
380,8,14/01/2018,NO
380,9,14/01/2018,
381,1,11/03/2018,1
381,2,11/03/2018,88
381,3,11/03/2018,86
381,4,11/03/2018,0
381,5,11/03/2018,5
381,6,11/03/2018,90
381,7,11/03/2018,21
381,8,11/03/2018,NO
381,9,11/03/2018,
382,1,04/03/2018,3
382,2,04/03/2018,86
382,3,04/03/2018,8
382,4,04/03/2018,11
382,5,04/03/2018,3
382,6,04/03/2018,79
382,7,04/03/2018,75
382,8,04/03/2018,SI
382,9,04/03/2018,2
383,1,08/01/2018,2
383,2,08/01/2018,65
383,3,08/01/2018,20
383,4,08/01/2018,34
383,5,08/01/2018,4
383,6,08/01/2018,14
383,7,08/01/2018,7
383,8,08/01/2018,NO
383,9,08/01/2018,
384,1,26/02/2018,1
384,2,26/02/2018,14
384,3,26/02/2018,8
384,4,26/02/2018,0
384,5,26/02/2018,5
384,6,26/02/2018,79
384,7,26/02/2018,69
384,8,26/02/2018,NO
384,9,26/02/2018,
385,1,16/02/2018,3
385,2,16/02/2018,92
385,3,16/02/2018,25
385,4,16/02/2018,47
385,5,16/02/2018,2
385,6,16/02/2018,3
385,7,16/02/2018,1
385,8,16/02/2018,NO
385,9,16/02/2018,
386,1,10/03/2018,1
386,2,10/03/2018,14
386,3,10/03/2018,0
386,4,10/03/2018,6
386,5,10/03/2018,1
386,6,10/03/2018,26
386,7,10/03/2018,1
386,8,10/03/2018,NO
386,9,10/03/2018,
387,1,23/03/2018,4
387,2,23/03/2018,38
387,3,23/03/2018,28
387,4,23/03/2018,6
387,5,23/03/2018,2
387,6,23/03/2018,49
387,7,23/03/2018,46
387,8,23/03/2018,NO
387,9,23/03/2018,
388,1,10/01/2018,4
388,2,10/01/2018,53
388,3,10/01/2018,28
388,4,10/01/2018,14
388,5,10/01/2018,2
388,6,10/01/2018,46
388,7,10/01/2018,29
388,8,10/01/2018,NO
388,9,10/01/2018,
389,1,08/02/2018,3
389,2,08/02/2018,48
389,3,08/02/2018,26
389,4,08/02/2018,9
389,5,08/02/2018,4
389,6,08/02/2018,75
389,7,08/02/2018,75
389,8,08/02/2018,SI
389,9,08/02/2018,5
390,1,11/02/2018,3
390,2,11/02/2018,75
390,3,11/02/2018,48
390,4,11/02/2018,22
390,5,11/02/2018,2
390,6,11/02/2018,30
390,7,11/02/2018,22
390,8,11/02/2018,NO
390,9,11/02/2018,
391,1,30/01/2018,3
391,2,30/01/2018,96
391,3,30/01/2018,27
391,4,30/01/2018,24
391,5,30/01/2018,4
391,6,30/01/2018,40
391,7,30/01/2018,32
391,8,30/01/2018,NO
391,9,30/01/2018,
392,1,25/04/2018,3
392,2,25/04/2018,14
392,3,25/04/2018,2
392,4,25/04/2018,3
392,5,25/04/2018,3
392,6,25/04/2018,65
392,7,25/04/2018,1
392,8,25/04/2018,NO
392,9,25/04/2018,
393,1,08/06/2018,4
393,2,08/06/2018,65
393,3,08/06/2018,38
393,4,08/06/2018,21
393,5,08/06/2018,3
393,6,08/06/2018,44
393,7,08/06/2018,5
393,8,08/06/2018,NO
393,9,08/06/2018,
394,1,26/05/2018,2
394,2,26/05/2018,34
394,3,26/05/2018,16
394,4,26/05/2018,7
394,5,26/05/2018,1
394,6,26/05/2018,72
394,7,26/05/2018,3
394,8,26/05/2018,NO
394,9,26/05/2018,
395,1,15/06/2018,5
395,2,15/06/2018,30
395,3,15/06/2018,13
395,4,15/06/2018,0
395,5,15/06/2018,3
395,6,15/06/2018,29
395,7,15/06/2018,22
395,8,15/06/2018,SI
395,9,15/06/2018,2
396,1,06/04/2018,4
396,2,06/04/2018,59
396,3,06/04/2018,26
396,4,06/04/2018,16
396,5,06/04/2018,2
396,6,06/04/2018,95
396,7,06/04/2018,68
396,8,06/04/2018,NO
396,9,06/04/2018,
397,1,30/03/2018,5
397,2,30/03/2018,70
397,3,30/03/2018,40
397,4,30/03/2018,26
397,5,30/03/2018,2
397,6,30/03/2018,64
397,7,30/03/2018,37
397,8,30/03/2018,SI
397,9,30/03/2018,2
398,1,29/03/2018,1
398,2,29/03/2018,18
398,3,29/03/2018,0
398,4,29/03/2018,16
398,5,29/03/2018,1
398,6,29/03/2018,8
398,7,29/03/2018,4
398,8,29/03/2018,NO
398,9,29/03/2018,
399,1,08/06/2018,1
399,2,08/06/2018,94
399,3,08/06/2018,65
399,4,08/06/2018,10
399,5,08/06/2018,5
399,6,08/06/2018,8
399,7,08/06/2018,5
399,8,08/06/2018,NO
399,9,08/06/2018,
400,1,24/06/2018,2
400,2,24/06/2018,54
400,3,24/06/2018,44
400,4,24/06/2018,5
400,5,24/06/2018,5
400,6,24/06/2018,60
400,7,24/06/2018,37
400,8,24/06/2018,SI
400,9,24/06/2018,2
401,1,29/04/2018,4
401,2,29/04/2018,46
401,3,29/04/2018,44
401,4,29/04/2018,0
401,5,29/04/2018,3
401,6,29/04/2018,80
401,7,29/04/2018,21
401,8,29/04/2018,NO
401,9,29/04/2018,
402,1,23/05/2018,1
402,2,23/05/2018,75
402,3,23/05/2018,26
402,4,23/05/2018,19
402,5,23/05/2018,2
402,6,23/05/2018,83
402,7,23/05/2018,9
402,8,23/05/2018,SI
402,9,23/05/2018,5
403,1,06/06/2018,4
403,2,06/06/2018,7
403,3,06/06/2018,5
403,4,06/06/2018,2
403,5,06/06/2018,2
403,6,06/06/2018,8
403,7,06/06/2018,8
403,8,06/06/2018,SI
403,9,06/06/2018,5
404,1,05/04/2018,5
404,2,05/04/2018,68
404,3,05/04/2018,47
404,4,05/04/2018,21
404,5,05/04/2018,5
404,6,05/04/2018,5
404,7,05/04/2018,5
404,8,05/04/2018,SI
404,9,05/04/2018,1
405,1,05/06/2018,5
405,2,05/06/2018,26
405,3,05/06/2018,7
405,4,05/06/2018,11
405,5,05/06/2018,1
405,6,05/06/2018,70
405,7,05/06/2018,37
405,8,05/06/2018,SI
405,9,05/06/2018,2
406,1,31/05/2018,2
406,2,31/05/2018,57
406,3,31/05/2018,46
406,4,31/05/2018,6
406,5,31/05/2018,3
406,6,31/05/2018,58
406,7,31/05/2018,44
406,8,31/05/2018,SI
406,9,31/05/2018,5
407,1,14/06/2018,2
407,2,14/06/2018,98
407,3,14/06/2018,41
407,4,14/06/2018,45
407,5,14/06/2018,5
407,6,14/06/2018,6
407,7,14/06/2018,2
407,8,14/06/2018,NO
407,9,14/06/2018,
408,1,19/04/2018,1
408,2,19/04/2018,37
408,3,19/04/2018,0
408,4,19/04/2018,16
408,5,19/04/2018,1
408,6,19/04/2018,17
408,7,19/04/2018,4
408,8,19/04/2018,NO
408,9,19/04/2018,
409,1,02/04/2018,2
409,2,02/04/2018,74
409,3,02/04/2018,18
409,4,02/04/2018,43
409,5,02/04/2018,2
409,6,02/04/2018,19
409,7,02/04/2018,19
409,8,02/04/2018,SI
409,9,02/04/2018,1
410,1,11/04/2018,3
410,2,11/04/2018,60
410,3,11/04/2018,29
410,4,11/04/2018,2
410,5,11/04/2018,3
410,6,11/04/2018,77
410,7,11/04/2018,55
410,8,11/04/2018,SI
410,9,11/04/2018,3
411,1,05/04/2018,4
411,2,05/04/2018,8
411,3,05/04/2018,6
411,4,05/04/2018,0
411,5,05/04/2018,1
411,6,05/04/2018,98
411,7,05/04/2018,88
411,8,05/04/2018,NO
411,9,05/04/2018,
412,1,08/06/2018,4
412,2,08/06/2018,36
412,3,08/06/2018,30
412,4,08/06/2018,0
412,5,08/06/2018,1
412,6,08/06/2018,27
412,7,08/06/2018,12
412,8,08/06/2018,NO
412,9,08/06/2018,
413,1,30/04/2018,2
413,2,30/04/2018,6
413,3,30/04/2018,3
413,4,30/04/2018,1
413,5,30/04/2018,2
413,6,30/04/2018,92
413,7,30/04/2018,61
413,8,30/04/2018,NO
413,9,30/04/2018,
414,1,05/06/2018,3
414,2,05/06/2018,29
414,3,05/06/2018,9
414,4,05/06/2018,19
414,5,05/06/2018,4
414,6,05/06/2018,90
414,7,05/06/2018,38
414,8,05/06/2018,NO
414,9,05/06/2018,
415,1,27/05/2018,1
415,2,27/05/2018,1
415,3,27/05/2018,1
415,4,27/05/2018,0
415,5,27/05/2018,1
415,6,27/05/2018,89
415,7,27/05/2018,31
415,8,27/05/2018,NO
415,9,27/05/2018,
416,1,28/05/2018,4
416,2,28/05/2018,96
416,3,28/05/2018,61
416,4,28/05/2018,35
416,5,28/05/2018,4
416,6,28/05/2018,46
416,7,28/05/2018,34
416,8,28/05/2018,SI
416,9,28/05/2018,1
417,1,06/06/2018,5
417,2,06/06/2018,21
417,3,06/06/2018,8
417,4,06/06/2018,11
417,5,06/06/2018,5
417,6,06/06/2018,43
417,7,06/06/2018,13
417,8,06/06/2018,NO
417,9,06/06/2018,
418,1,14/05/2018,4
418,2,14/05/2018,78
418,3,14/05/2018,66
418,4,14/05/2018,6
418,5,14/05/2018,4
418,6,14/05/2018,64
418,7,14/05/2018,18
418,8,14/05/2018,SI
418,9,14/05/2018,5
419,1,27/03/2018,1
419,2,27/03/2018,84
419,3,27/03/2018,57
419,4,27/03/2018,19
419,5,27/03/2018,1
419,6,27/03/2018,24
419,7,27/03/2018,4
419,8,27/03/2018,NO
419,9,27/03/2018,
420,1,20/05/2018,3
420,2,20/05/2018,23
420,3,20/05/2018,1
420,4,20/05/2018,14
420,5,20/05/2018,5
420,6,20/05/2018,97
420,7,20/05/2018,39
420,8,20/05/2018,SI
420,9,20/05/2018,1
421,1,09/04/2018,1
421,2,09/04/2018,38
421,3,09/04/2018,3
421,4,09/04/2018,22
421,5,09/04/2018,4
421,6,09/04/2018,23
421,7,09/04/2018,14
421,8,09/04/2018,SI
421,9,09/04/2018,1
422,1,17/04/2018,2
422,2,17/04/2018,40
422,3,17/04/2018,40
422,4,17/04/2018,0
422,5,17/04/2018,5
422,6,17/04/2018,57
422,7,17/04/2018,5
422,8,17/04/2018,SI
422,9,17/04/2018,1
423,1,08/04/2018,5
423,2,08/04/2018,51
423,3,08/04/2018,23
423,4,08/04/2018,8
423,5,08/04/2018,1
423,6,08/04/2018,58
423,7,08/04/2018,18
423,8,08/04/2018,NO
423,9,08/04/2018,
424,1,15/04/2018,3
424,2,15/04/2018,18
424,3,15/04/2018,17
424,4,15/04/2018,0
424,5,15/04/2018,4
424,6,15/04/2018,16
424,7,15/04/2018,13
424,8,15/04/2018,NO
424,9,15/04/2018,
425,1,12/04/2018,1
425,2,12/04/2018,2
425,3,12/04/2018,1
425,4,12/04/2018,1
425,5,12/04/2018,5
425,6,12/04/2018,38
425,7,12/04/2018,21
425,8,12/04/2018,NO
425,9,12/04/2018,
426,1,07/05/2018,3
426,2,07/05/2018,60
426,3,07/05/2018,40
426,4,07/05/2018,18
426,5,07/05/2018,1
426,6,07/05/2018,29
426,7,07/05/2018,29
426,8,07/05/2018,SI
426,9,07/05/2018,5
427,1,05/04/2018,4
427,2,05/04/2018,8
427,3,05/04/2018,2
427,4,05/04/2018,3
427,5,05/04/2018,1
427,6,05/04/2018,79
427,7,05/04/2018,27
427,8,05/04/2018,SI
427,9,05/04/2018,4
428,1,19/04/2018,4
428,2,19/04/2018,19
428,3,19/04/2018,14
428,4,19/04/2018,0
428,5,19/04/2018,2
428,6,19/04/2018,8
428,7,19/04/2018,1
428,8,19/04/2018,SI
428,9,19/04/2018,3
429,1,20/05/2018,2
429,2,20/05/2018,89
429,3,20/05/2018,7
429,4,20/05/2018,5
429,5,20/05/2018,5
429,6,20/05/2018,21
429,7,20/05/2018,4
429,8,20/05/2018,SI
429,9,20/05/2018,2
430,1,11/05/2018,1
430,2,11/05/2018,1
430,3,11/05/2018,1
430,4,11/05/2018,0
430,5,11/05/2018,1
430,6,11/05/2018,88
430,7,11/05/2018,48
430,8,11/05/2018,NO
430,9,11/05/2018,
431,1,26/05/2018,2
431,2,26/05/2018,87
431,3,26/05/2018,80
431,4,26/05/2018,3
431,5,26/05/2018,1
431,6,26/05/2018,3
431,7,26/05/2018,2
431,8,26/05/2018,NO
431,9,26/05/2018,
432,1,25/06/2018,1
432,2,25/06/2018,36
432,3,25/06/2018,31
432,4,25/06/2018,4
432,5,25/06/2018,1
432,6,25/06/2018,7
432,7,25/06/2018,2
432,8,25/06/2018,NO
432,9,25/06/2018,
433,1,07/05/2018,2
433,2,07/05/2018,94
433,3,07/05/2018,43
433,4,07/05/2018,33
433,5,07/05/2018,5
433,6,07/05/2018,29
433,7,07/05/2018,17
433,8,07/05/2018,SI
433,9,07/05/2018,4
434,1,27/04/2018,2
434,2,27/04/2018,80
434,3,27/04/2018,33
434,4,27/04/2018,33
434,5,27/04/2018,2
434,6,27/04/2018,65
434,7,27/04/2018,35
434,8,27/04/2018,NO
434,9,27/04/2018,
435,1,05/05/2018,2
435,2,05/05/2018,87
435,3,05/05/2018,24
435,4,05/05/2018,37
435,5,05/05/2018,3
435,6,05/05/2018,9
435,7,05/05/2018,0
435,8,05/05/2018,NO
435,9,05/05/2018,
436,1,20/04/2018,1
436,2,20/04/2018,23
436,3,20/04/2018,18
436,4,20/04/2018,2
436,5,20/04/2018,4
436,6,20/04/2018,19
436,7,20/04/2018,5
436,8,20/04/2018,NO
436,9,20/04/2018,
437,1,21/05/2018,2
437,2,21/05/2018,83
437,3,21/05/2018,82
437,4,21/05/2018,1
437,5,21/05/2018,5
437,6,21/05/2018,96
437,7,21/05/2018,74
437,8,21/05/2018,SI
437,9,21/05/2018,2
438,1,24/05/2018,4
438,2,24/05/2018,86
438,3,24/05/2018,62
438,4,24/05/2018,0
438,5,24/05/2018,4
438,6,24/05/2018,45
438,7,24/05/2018,25
438,8,24/05/2018,SI
438,9,24/05/2018,5
439,1,15/05/2018,4
439,2,15/05/2018,60
439,3,15/05/2018,1
439,4,15/05/2018,31
439,5,15/05/2018,4
439,6,15/05/2018,96
439,7,15/05/2018,14
439,8,15/05/2018,NO
439,9,15/05/2018,
440,1,05/05/2018,4
440,2,05/05/2018,60
440,3,05/05/2018,47
440,4,05/05/2018,7
440,5,05/05/2018,5
440,6,05/05/2018,62
440,7,05/05/2018,16
440,8,05/05/2018,SI
440,9,05/05/2018,3
441,1,03/05/2018,3
441,2,03/05/2018,83
441,3,03/05/2018,38
441,4,03/05/2018,42
441,5,03/05/2018,3
441,6,03/05/2018,57
441,7,03/05/2018,26
441,8,03/05/2018,SI
441,9,03/05/2018,1
442,1,20/04/2018,1
442,2,20/04/2018,22
442,3,20/04/2018,6
442,4,20/04/2018,3
442,5,20/04/2018,4
442,6,20/04/2018,83
442,7,20/04/2018,70
442,8,20/04/2018,NO
442,9,20/04/2018,
443,1,08/06/2018,2
443,2,08/06/2018,46
443,3,08/06/2018,41
443,4,08/06/2018,5
443,5,08/06/2018,3
443,6,08/06/2018,36
443,7,08/06/2018,27
443,8,08/06/2018,SI
443,9,08/06/2018,4
444,1,28/05/2018,1
444,2,28/05/2018,59
444,3,28/05/2018,44
444,4,28/05/2018,6
444,5,28/05/2018,2
444,6,28/05/2018,94
444,7,28/05/2018,43
444,8,28/05/2018,SI
444,9,28/05/2018,4
445,1,01/06/2018,5
445,2,01/06/2018,11
445,3,01/06/2018,9
445,4,01/06/2018,0
445,5,01/06/2018,5
445,6,01/06/2018,17
445,7,01/06/2018,9
445,8,01/06/2018,SI
445,9,01/06/2018,1
446,1,26/06/2018,5
446,2,26/06/2018,68
446,3,26/06/2018,45
446,4,26/06/2018,10
446,5,26/06/2018,4
446,6,26/06/2018,85
446,7,26/06/2018,75
446,8,26/06/2018,NO
446,9,26/06/2018,
447,1,13/06/2018,2
447,2,13/06/2018,95
447,3,13/06/2018,56
447,4,13/06/2018,31
447,5,13/06/2018,3
447,6,13/06/2018,91
447,7,13/06/2018,53
447,8,13/06/2018,NO
447,9,13/06/2018,
448,1,21/06/2018,4
448,2,21/06/2018,37
448,3,21/06/2018,28
448,4,21/06/2018,2
448,5,21/06/2018,3
448,6,21/06/2018,42
448,7,21/06/2018,9
448,8,21/06/2018,NO
448,9,21/06/2018,
449,1,04/06/2018,3
449,2,04/06/2018,58
449,3,04/06/2018,12
449,4,04/06/2018,1
449,5,04/06/2018,4
449,6,04/06/2018,76
449,7,04/06/2018,36
449,8,04/06/2018,NO
449,9,04/06/2018,
450,1,23/06/2018,4
450,2,23/06/2018,60
450,3,23/06/2018,52
450,4,23/06/2018,0
450,5,23/06/2018,3
450,6,23/06/2018,72
450,7,23/06/2018,35
450,8,23/06/2018,NO
450,9,23/06/2018,
451,1,01/06/2018,2
451,2,01/06/2018,11
451,3,01/06/2018,2
451,4,01/06/2018,5
451,5,01/06/2018,4
451,6,01/06/2018,19
451,7,01/06/2018,5
451,8,01/06/2018,NO
451,9,01/06/2018,
452,1,18/05/2018,5
452,2,18/05/2018,41
452,3,18/05/2018,37
452,4,18/05/2018,3
452,5,18/05/2018,4
452,6,18/05/2018,69
452,7,18/05/2018,11
452,8,18/05/2018,SI
452,9,18/05/2018,2
453,1,04/04/2018,5
453,2,04/04/2018,17
453,3,04/04/2018,9
453,4,04/04/2018,8
453,5,04/04/2018,5
453,6,04/04/2018,74
453,7,04/04/2018,49
453,8,04/04/2018,SI
453,9,04/04/2018,1
454,1,12/04/2018,4
454,2,12/04/2018,8
454,3,12/04/2018,6
454,4,12/04/2018,0
454,5,12/04/2018,1
454,6,12/04/2018,75
454,7,12/04/2018,3
454,8,12/04/2018,SI
454,9,12/04/2018,3
455,1,03/05/2018,3
455,2,03/05/2018,36
455,3,03/05/2018,14
455,4,03/05/2018,17
455,5,03/05/2018,4
455,6,03/05/2018,35
455,7,03/05/2018,13
455,8,03/05/2018,SI
455,9,03/05/2018,1
456,1,29/05/2018,4
456,2,29/05/2018,14
456,3,29/05/2018,2
456,4,29/05/2018,12
456,5,29/05/2018,1
456,6,29/05/2018,51
456,7,29/05/2018,6
456,8,29/05/2018,NO
456,9,29/05/2018,
457,1,22/06/2018,3
457,2,22/06/2018,52
457,3,22/06/2018,37
457,4,22/06/2018,14
457,5,22/06/2018,5
457,6,22/06/2018,75
457,7,22/06/2018,29
457,8,22/06/2018,SI
457,9,22/06/2018,2
458,1,21/05/2018,2
458,2,21/05/2018,69
458,3,21/05/2018,13
458,4,21/05/2018,4
458,5,21/05/2018,2
458,6,21/05/2018,98
458,7,21/05/2018,11
458,8,21/05/2018,SI
458,9,21/05/2018,4
459,1,29/03/2018,5
459,2,29/03/2018,29
459,3,29/03/2018,0
459,4,29/03/2018,15
459,5,29/03/2018,1
459,6,29/03/2018,6
459,7,29/03/2018,5
459,8,29/03/2018,SI
459,9,29/03/2018,5
460,1,29/04/2018,2
460,2,29/04/2018,20
460,3,29/04/2018,13
460,4,29/04/2018,7
460,5,29/04/2018,2
460,6,29/04/2018,98
460,7,29/04/2018,59
460,8,29/04/2018,SI
460,9,29/04/2018,5
461,1,03/04/2018,4
461,2,03/04/2018,28
461,3,03/04/2018,1
461,4,03/04/2018,13
461,5,03/04/2018,3
461,6,03/04/2018,58
461,7,03/04/2018,32
461,8,03/04/2018,SI
461,9,03/04/2018,1
462,1,29/04/2018,4
462,2,29/04/2018,62
462,3,29/04/2018,32
462,4,29/04/2018,4
462,5,29/04/2018,4
462,6,29/04/2018,71
462,7,29/04/2018,33
462,8,29/04/2018,SI
462,9,29/04/2018,3
463,1,08/06/2018,2
463,2,08/06/2018,92
463,3,08/06/2018,50
463,4,08/06/2018,25
463,5,08/06/2018,1
463,6,08/06/2018,68
463,7,08/06/2018,27
463,8,08/06/2018,SI
463,9,08/06/2018,5
464,1,14/04/2018,5
464,2,14/04/2018,100
464,3,14/04/2018,32
464,4,14/04/2018,3
464,5,14/04/2018,1
464,6,14/04/2018,87
464,7,14/04/2018,29
464,8,14/04/2018,NO
464,9,14/04/2018,
465,1,20/04/2018,4
465,2,20/04/2018,63
465,3,20/04/2018,60
465,4,20/04/2018,3
465,5,20/04/2018,2
465,6,20/04/2018,47
465,7,20/04/2018,9
465,8,20/04/2018,NO
465,9,20/04/2018,
466,1,25/05/2018,5
466,2,25/05/2018,28
466,3,25/05/2018,25
466,4,25/05/2018,1
466,5,25/05/2018,3
466,6,25/05/2018,76
466,7,25/05/2018,22
466,8,25/05/2018,NO
466,9,25/05/2018,
467,1,04/04/2018,4
467,2,04/04/2018,10
467,3,04/04/2018,1
467,4,04/04/2018,2
467,5,04/04/2018,2
467,6,04/04/2018,79
467,7,04/04/2018,44
467,8,04/04/2018,SI
467,9,04/04/2018,1
468,1,30/03/2018,1
468,2,30/03/2018,73
468,3,30/03/2018,49
468,4,30/03/2018,8
468,5,30/03/2018,3
468,6,30/03/2018,47
468,7,30/03/2018,42
468,8,30/03/2018,SI
468,9,30/03/2018,4
469,1,14/06/2018,2
469,2,14/06/2018,65
469,3,14/06/2018,59
469,4,14/06/2018,1
469,5,14/06/2018,5
469,6,14/06/2018,97
469,7,14/06/2018,36
469,8,14/06/2018,NO
469,9,14/06/2018,
470,1,15/04/2018,3
470,2,15/04/2018,26
470,3,15/04/2018,6
470,4,15/04/2018,7
470,5,15/04/2018,3
470,6,15/04/2018,11
470,7,15/04/2018,7
470,8,15/04/2018,NO
470,9,15/04/2018,
471,1,27/05/2018,1
471,2,27/05/2018,26
471,3,27/05/2018,10
471,4,27/05/2018,12
471,5,27/05/2018,4
471,6,27/05/2018,50
471,7,27/05/2018,39
471,8,27/05/2018,NO
471,9,27/05/2018,
472,1,31/03/2018,5
472,2,31/03/2018,44
472,3,31/03/2018,18
472,4,31/03/2018,18
472,5,31/03/2018,5
472,6,31/03/2018,6
472,7,31/03/2018,2
472,8,31/03/2018,NO
472,9,31/03/2018,
473,1,24/05/2018,5
473,2,24/05/2018,56
473,3,24/05/2018,18
473,4,24/05/2018,16
473,5,24/05/2018,1
473,6,24/05/2018,38
473,7,24/05/2018,33
473,8,24/05/2018,SI
473,9,24/05/2018,5
474,1,04/05/2018,4
474,2,04/05/2018,90
474,3,04/05/2018,71
474,4,04/05/2018,15
474,5,04/05/2018,5
474,6,04/05/2018,53
474,7,04/05/2018,7
474,8,04/05/2018,NO
474,9,04/05/2018,
475,1,20/04/2018,3
475,2,20/04/2018,99
475,3,20/04/2018,47
475,4,20/04/2018,11
475,5,20/04/2018,5
475,6,20/04/2018,10
475,7,20/04/2018,4
475,8,20/04/2018,SI
475,9,20/04/2018,5
476,1,23/06/2018,2
476,2,23/06/2018,60
476,3,23/06/2018,38
476,4,23/06/2018,5
476,5,23/06/2018,5
476,6,23/06/2018,3
476,7,23/06/2018,1
476,8,23/06/2018,SI
476,9,23/06/2018,1
477,1,08/04/2018,2
477,2,08/04/2018,40
477,3,08/04/2018,1
477,4,08/04/2018,9
477,5,08/04/2018,1
477,6,08/04/2018,2
477,7,08/04/2018,1
477,8,08/04/2018,SI
477,9,08/04/2018,4
478,1,23/06/2018,1
478,2,23/06/2018,64
478,3,23/06/2018,6
478,4,23/06/2018,57
478,5,23/06/2018,3
478,6,23/06/2018,95
478,7,23/06/2018,41
478,8,23/06/2018,NO
478,9,23/06/2018,
479,1,11/04/2018,5
479,2,11/04/2018,60
479,3,11/04/2018,25
479,4,11/04/2018,8
479,5,11/04/2018,2
479,6,11/04/2018,20
479,7,11/04/2018,7
479,8,11/04/2018,NO
479,9,11/04/2018,
480,1,28/03/2018,5
480,2,28/03/2018,51
480,3,28/03/2018,30
480,4,28/03/2018,15
480,5,28/03/2018,2
480,6,28/03/2018,74
480,7,28/03/2018,22
480,8,28/03/2018,SI
480,9,28/03/2018,3
481,1,27/05/2018,5
481,2,27/05/2018,91
481,3,27/05/2018,35
481,4,27/05/2018,12
481,5,27/05/2018,2
481,6,27/05/2018,47
481,7,27/05/2018,28
481,8,27/05/2018,NO
481,9,27/05/2018,
482,1,11/06/2018,1
482,2,11/06/2018,35
482,3,11/06/2018,26
482,4,11/06/2018,4
482,5,11/06/2018,1
482,6,11/06/2018,52
482,7,11/06/2018,34
482,8,11/06/2018,NO
482,9,11/06/2018,
483,1,06/04/2018,4
483,2,06/04/2018,60
483,3,06/04/2018,46
483,4,06/04/2018,2
483,5,06/04/2018,2
483,6,06/04/2018,13
483,7,06/04/2018,1
483,8,06/04/2018,SI
483,9,06/04/2018,3
484,1,18/05/2018,5
484,2,18/05/2018,52
484,3,18/05/2018,11
484,4,18/05/2018,25
484,5,18/05/2018,2
484,6,18/05/2018,40
484,7,18/05/2018,9
484,8,18/05/2018,NO
484,9,18/05/2018,
485,1,08/04/2018,2
485,2,08/04/2018,42
485,3,08/04/2018,21
485,4,08/04/2018,9
485,5,08/04/2018,5
485,6,08/04/2018,42
485,7,08/04/2018,31
485,8,08/04/2018,NO
485,9,08/04/2018,
486,1,21/04/2018,4
486,2,21/04/2018,15
486,3,21/04/2018,12
486,4,21/04/2018,0
486,5,21/04/2018,1
486,6,21/04/2018,74
486,7,21/04/2018,12
486,8,21/04/2018,SI
486,9,21/04/2018,5
487,1,08/04/2018,2
487,2,08/04/2018,84
487,3,08/04/2018,77
487,4,08/04/2018,7
487,5,08/04/2018,1
487,6,08/04/2018,1
487,7,08/04/2018,0
487,8,08/04/2018,SI
487,9,08/04/2018,4
488,1,23/05/2018,4
488,2,23/05/2018,79
488,3,23/05/2018,75
488,4,23/05/2018,1
488,5,23/05/2018,3
488,6,23/05/2018,61
488,7,23/05/2018,47
488,8,23/05/2018,NO
488,9,23/05/2018,
489,1,03/06/2018,5
489,2,03/06/2018,44
489,3,03/06/2018,38
489,4,03/06/2018,6
489,5,03/06/2018,2
489,6,03/06/2018,38
489,7,03/06/2018,17
489,8,03/06/2018,SI
489,9,03/06/2018,1
490,1,13/05/2018,5
490,2,13/05/2018,36
490,3,13/05/2018,3
490,4,13/05/2018,33
490,5,13/05/2018,1
490,6,13/05/2018,29
490,7,13/05/2018,8
490,8,13/05/2018,NO
490,9,13/05/2018,
491,1,01/06/2018,2
491,2,01/06/2018,91
491,3,01/06/2018,39
491,4,01/06/2018,49
491,5,01/06/2018,5
491,6,01/06/2018,19
491,7,01/06/2018,7
491,8,01/06/2018,NO
491,9,01/06/2018,
492,1,03/06/2018,1
492,2,03/06/2018,69
492,3,03/06/2018,10
492,4,03/06/2018,28
492,5,03/06/2018,4
492,6,03/06/2018,84
492,7,03/06/2018,21
492,8,03/06/2018,SI
492,9,03/06/2018,2
493,1,05/05/2018,3
493,2,05/05/2018,25
493,3,05/05/2018,2
493,4,05/05/2018,9
493,5,05/05/2018,4
493,6,05/05/2018,66
493,7,05/05/2018,28
493,8,05/05/2018,NO
493,9,05/05/2018,
494,1,02/06/2018,5
494,2,02/06/2018,43
494,3,02/06/2018,28
494,4,02/06/2018,11
494,5,02/06/2018,3
494,6,02/06/2018,51
494,7,02/06/2018,14
494,8,02/06/2018,SI
494,9,02/06/2018,1
495,1,30/03/2018,4
495,2,30/03/2018,48
495,3,30/03/2018,1
495,4,30/03/2018,43
495,5,30/03/2018,4
495,6,30/03/2018,78
495,7,30/03/2018,17
495,8,30/03/2018,NO
495,9,30/03/2018,
496,1,04/05/2018,1
496,2,04/05/2018,92
496,3,04/05/2018,9
496,4,04/05/2018,35
496,5,04/05/2018,5
496,6,04/05/2018,73
496,7,04/05/2018,69
496,8,04/05/2018,NO
496,9,04/05/2018,
497,1,15/04/2018,3
497,2,15/04/2018,1
497,3,15/04/2018,0
497,4,15/04/2018,0
497,5,15/04/2018,2
497,6,15/04/2018,16
497,7,15/04/2018,15
497,8,15/04/2018,NO
497,9,15/04/2018,
498,1,01/05/2018,3
498,2,01/05/2018,75
498,3,01/05/2018,20
498,4,01/05/2018,55
498,5,01/05/2018,2
498,6,01/05/2018,70
498,7,01/05/2018,46
498,8,01/05/2018,SI
498,9,01/05/2018,3
499,1,21/05/2018,5
499,2,21/05/2018,89
499,3,21/05/2018,74
499,4,21/05/2018,0
499,5,21/05/2018,5
499,6,21/05/2018,83
499,7,21/05/2018,2
499,8,21/05/2018,SI
499,9,21/05/2018,4
500,1,20/06/2018,1
500,2,20/06/2018,79
500,3,20/06/2018,5
500,4,20/06/2018,51
500,5,20/06/2018,4
500,6,20/06/2018,89
500,7,20/06/2018,72
500,8,20/06/2018,SI
500,9,20/06/2018,4
501,1,23/04/2018,4
501,2,23/04/2018,18
501,3,23/04/2018,8
501,4,23/04/2018,6
501,5,23/04/2018,1
501,6,23/04/2018,98
501,7,23/04/2018,83
501,8,23/04/2018,NO
501,9,23/04/2018,
502,1,12/04/2018,5
502,2,12/04/2018,64
502,3,12/04/2018,18
502,4,12/04/2018,20
502,5,12/04/2018,5
502,6,12/04/2018,43
502,7,12/04/2018,14
502,8,12/04/2018,NO
502,9,12/04/2018,
503,1,30/05/2018,5
503,2,30/05/2018,100
503,3,30/05/2018,3
503,4,30/05/2018,15
503,5,30/05/2018,1
503,6,30/05/2018,31
503,7,30/05/2018,15
503,8,30/05/2018,NO
503,9,30/05/2018,
504,1,31/05/2018,3
504,2,31/05/2018,80
504,3,31/05/2018,35
504,4,31/05/2018,39
504,5,31/05/2018,3
504,6,31/05/2018,48
504,7,31/05/2018,34
504,8,31/05/2018,NO
504,9,31/05/2018,
505,1,29/04/2018,4
505,2,29/04/2018,97
505,3,29/04/2018,15
505,4,29/04/2018,26
505,5,29/04/2018,5
505,6,29/04/2018,0
505,7,29/04/2018,0
505,8,29/04/2018,SI
505,9,29/04/2018,3
